City_ID,City,Country,Date,Lat,Lng,Max Temp,Cloudiness,Wind Speed
0,Klaksvik,FO,2021-01-08 00:13:31,62.2266,-6.589,30.2,90,11.5
1,Lasa,IT,2021-01-08 00:13:31,46.6166,10.7002,21.0,0,8.05
2,Constitucion,CL,2021-01-08 00:13:31,-35.3333,-72.4167,59.14,0,16.08
3,Castro,BR,2021-01-08 00:13:31,-24.7911,-50.0119,66.16,100,6.62
4,Issoire,FR,2021-01-08 00:13:31,45.55,3.25,32.0,90,2.08
5,Cape Town,ZA,2021-01-08 00:12:34,-33.9258,18.4232,68.0,0,16.11
6,Codrington,AU,2021-01-08 00:13:32,-38.2667,141.9667,68.18,0,10.49
7,Usinsk,RU,2021-01-08 00:13:32,65.9939,57.5281,-5.62,100,1.72
8,Wellington,NZ,2021-01-08 00:12:36,-41.2866,174.7756,60.8,90,17.27
9,Ciudad Bolivar,VE,2021-01-08 00:13:32,8.1222,-63.5497,79.47,76,12.64
10,Port Alfred,ZA,2021-01-08 00:08:46,-33.5906,26.891,66.99,0,10.67
11,Mortka,RU,2021-01-08 00:13:33,59.3322,66.0214,-2.47,100,8.66
12,Zalantun,CN,2021-01-08 00:13:33,48.0,122.7167,-16.4,0,6.73
13,Amapa,BR,2021-01-08 00:13:34,1.0,-52.0,73.63,89,2.53
14,Puerto Del Rosario,ES,2021-01-08 00:13:34,28.5004,-13.8627,69.8,20,25.32
15,Arraial Do Cabo,BR,2021-01-08 00:13:34,-22.9661,-42.0278,77.0,0,5.75
16,Ushuaia,AR,2021-01-08 00:09:04,-54.8,-68.3,57.2,75,12.66
17,Coquimbo,CL,2021-01-08 00:09:53,-29.9533,-71.3436,60.8,40,10.36
18,Jamestown,US,2021-01-08 00:10:37,42.097,-79.2353,27.0,90,5.75
19,Vila Velha,BR,2021-01-08 00:13:35,-20.3297,-40.2925,78.8,0,9.22
20,Odweyne,SO,2021-01-08 00:13:35,9.4092,45.064,60.64,1,14.05
21,Anadyr,RU,2021-01-08 00:13:35,64.75,177.4833,-20.0,0,6.71
22,Erenhot,CN,2021-01-08 00:13:36,43.6475,111.9767,-11.58,0,11.01
23,Riyadh,SA,2021-01-08 00:09:43,24.6877,46.7219,59.0,75,4.61
24,Barranca,PE,2021-01-08 00:13:36,-10.75,-77.7667,71.42,53,5.93
25,Kungurtug,RU,2021-01-08 00:13:36,50.5994,97.5228,-20.74,19,0.72
26,Aitape,PG,2021-01-08 00:13:36,-3.1374,142.3475,84.69,100,1.3
27,Tasiilaq,GL,2021-01-08 00:13:37,65.6145,-37.6368,24.8,100,5.75
28,Manavalakurichi,IN,2021-01-08 00:13:37,8.1333,77.3,80.6,40,8.3
29,Vaini,TO,2021-01-08 00:13:37,-21.2,-175.2,84.2,75,11.5
30,Rikitea,PF,2021-01-08 00:13:37,-23.1203,-134.9692,78.6,93,4.14
31,Nueve De Julio,AR,2021-01-08 00:09:19,-35.4444,-60.8831,78.01,67,10.33
32,Saint-Philippe,RE,2021-01-08 00:13:38,-21.3585,55.7679,75.2,0,5.75
33,Kapaa,US,2021-01-08 00:13:38,22.0752,-159.319,78.8,1,6.91
34,Lavaltrie,CA,2021-01-08 00:13:39,45.8834,-73.2824,25.0,0,2.3
35,Mataura,NZ,2021-01-08 00:13:39,-46.1927,168.8643,57.99,51,3.0
36,Punta Arenas,CL,2021-01-08 00:13:39,-53.15,-70.9167,50.0,75,11.5
37,Elk City,US,2021-01-08 00:13:39,35.412,-99.4043,39.2,90,9.22
38,Albany,US,2021-01-08 00:12:08,42.6001,-73.9662,27.0,4,10.0
39,Hervey Bay,AU,2021-01-08 00:13:40,-25.2986,152.8535,73.0,95,8.01
40,Flinders,AU,2021-01-08 00:13:40,-34.5833,150.8552,69.01,75,9.22
41,Hermanus,ZA,2021-01-08 00:13:40,-34.4187,19.2345,69.01,46,9.19
42,Ocher,RU,2021-01-08 00:13:40,57.8904,54.7202,11.1,98,7.74
43,Agropoli,IT,2021-01-08 00:13:40,40.3469,14.9966,53.01,100,1.01
44,Ballina,AU,2021-01-08 00:13:41,-28.8667,153.5667,71.6,75,10.36
45,Teya,RU,2021-01-08 00:13:41,60.3778,92.6267,-13.58,0,1.54
46,New Norfolk,AU,2021-01-08 00:13:41,-42.7826,147.0587,75.0,6,1.99
47,Butaritari,KI,2021-01-08 00:13:41,3.0707,172.7902,81.61,10,19.91
48,Fort Nelson,CA,2021-01-08 00:13:41,58.8053,-122.7002,5.0,75,3.44
49,Margate,GB,2021-01-08 00:13:42,51.3813,1.3862,34.0,97,12.48
50,Brae,GB,2021-01-08 00:13:42,60.3964,-1.353,33.8,90,20.71
51,Jijiga,ET,2021-01-08 00:13:42,9.35,42.8,53.26,0,10.4
52,Tarko-Sale,RU,2021-01-08 00:13:43,64.9225,77.785,-14.01,0,14.2
53,Evensk,RU,2021-01-08 00:13:43,61.95,159.2333,-11.04,10,2.51
54,Ous,RU,2021-01-08 00:13:43,60.9058,61.5186,-5.57,100,2.91
55,Busselton,AU,2021-01-08 00:13:43,-33.65,115.3333,82.99,58,5.99
56,Kaitangata,NZ,2021-01-08 00:13:43,-46.2817,169.8464,57.99,66,7.0
57,Wakkanai,JP,2021-01-08 00:12:58,45.4094,141.6739,15.8,75,19.57
58,Lata,PT,2021-01-08 00:13:44,40.1629,-8.3327,42.01,0,2.3
59,Cayenne,GF,2021-01-08 00:13:44,4.9333,-52.3333,73.4,0,2.3
60,Araouane,ML,2021-01-08 00:13:44,18.9048,-3.5265,74.8,31,9.84
61,College,US,2021-01-08 00:13:45,64.8569,-147.8028,5.0,75,6.91
62,Phalaborwa,ZA,2021-01-08 00:13:45,-23.943,31.1411,69.8,86,5.75
63,Samandag,TR,2021-01-08 00:13:45,36.0842,35.9771,39.2,98,9.98
64,Mersing,MY,2021-01-08 00:13:45,2.4312,103.8405,78.8,100,9.22
65,Puerto Ayora,EC,2021-01-08 00:13:46,-0.7393,-90.3518,73.99,80,3.0
66,Souillac,MU,2021-01-08 00:13:46,-20.5167,57.5167,75.2,20,4.61
67,Yellowknife,CA,2021-01-08 00:13:46,62.456,-114.3525,1.0,75,3.44
68,Barrow,US,2021-01-08 00:13:46,71.2906,-156.7887,-13.0,75,4.61
69,Manadhoo,MV,2021-01-08 00:13:47,5.7667,73.3833,81.63,39,5.23
70,Faya,SA,2021-01-08 00:13:47,18.3851,42.4509,55.4,20,5.75
71,Upernavik,GL,2021-01-08 00:11:11,72.7868,-56.1549,-4.61,100,5.91
72,Cabo San Lucas,MX,2021-01-08 00:13:47,22.8909,-109.9124,75.2,1,8.05
73,Bathsheba,BB,2021-01-08 00:13:48,13.2167,-59.5167,78.8,40,17.27
74,Saskylakh,RU,2021-01-08 00:13:48,71.9167,114.0833,-17.03,96,7.87
75,Talcahuano,CL,2021-01-08 00:13:48,-36.7167,-73.1167,64.4,0,17.27
76,Kloulklubed,PW,2021-01-08 00:13:48,7.0419,134.2556,78.8,90,9.22
77,Oyama,JP,2021-01-08 00:13:48,36.3,139.8,39.99,75,2.3
78,Ahipara,NZ,2021-01-08 00:13:49,-35.1667,173.1667,65.12,99,2.93
79,Ponta Do Sol,PT,2021-01-08 00:13:49,32.6667,-17.1,53.01,99,20.0
80,Hithadhoo,MV,2021-01-08 00:13:49,-0.6,73.0833,82.72,100,17.81
81,Bluff,NZ,2021-01-08 00:13:49,-46.6,168.3333,57.99,73,3.0
82,Irbeyskoye,RU,2021-01-08 00:13:49,55.6428,95.4522,-11.22,0,3.94
83,Tuktoyaktuk,CA,2021-01-08 00:13:50,69.4541,-133.0374,-7.6,1,10.36
84,Sao Filipe,CV,2021-01-08 00:13:50,14.8961,-24.4956,75.11,0,9.57
85,Inyonga,TZ,2021-01-08 00:13:50,-6.7167,32.0667,64.35,91,1.07
86,Singarayakonda,IN,2021-01-08 00:13:50,15.25,80.0333,73.36,42,4.21
87,Vostok,RU,2021-01-08 00:13:50,46.4856,135.8833,-20.81,99,3.38
88,Pisco,PE,2021-01-08 00:13:51,-13.7,-76.2167,71.6,0,20.71
89,Great Yarmouth,GB,2021-01-08 00:13:51,52.6083,1.7305,32.0,90,9.22
90,Chuy,UY,2021-01-08 00:13:51,-33.6971,-53.4616,67.95,27,5.44
91,Avarua,CK,2021-01-08 00:10:11,-21.2078,-159.775,84.2,20,12.66
92,Airai,TL,2021-01-08 00:13:51,-8.9266,125.4092,68.23,100,2.37
93,Caraballeda,VE,2021-01-08 00:13:52,10.6112,-66.8522,75.2,75,10.56
94,Kulhudhuffushi,MV,2021-01-08 00:13:52,6.6221,73.07,81.32,29,6.73
95,Atuona,PF,2021-01-08 00:13:52,-9.8,-139.0333,77.68,37,13.58
96,Orel,RU,2021-01-08 00:13:28,52.9658,36.0803,35.4,100,12.59
97,Oeiras,BR,2021-01-08 00:13:53,-7.0253,-42.1311,82.27,58,2.71
98,Goma,CD,2021-01-08 00:13:53,-1.6792,29.2228,63.18,8,3.18
99,Eyl,SO,2021-01-08 00:13:53,7.9803,49.8164,71.44,1,18.16
100,Bonavista,CA,2021-01-08 00:13:54,48.6499,-53.1147,42.8,96,13.8
101,Port Elizabeth,ZA,2021-01-08 00:13:54,-33.918,25.5701,69.8,40,18.41
102,Qaanaaq,GL,2021-01-08 00:13:54,77.484,-69.3632,-14.85,33,7.96
103,Havelock,US,2021-01-08 00:11:23,34.8791,-76.9013,42.01,1,4.61
104,Chokurdakh,RU,2021-01-08 00:13:54,70.6333,147.9167,-12.39,97,6.85
105,San Patricio,US,2021-01-08 00:13:55,28.017,-97.5169,64.4,1,6.91
106,Paso De Los Toros,UY,2021-01-08 00:13:55,-32.8167,-56.5167,75.74,0,5.82
107,Pincher Creek,CA,2021-01-08 00:13:55,49.4833,-113.952,37.4,0,2.3
108,Udachnyy,RU,2021-01-08 00:13:55,66.4167,112.4,-2.22,100,16.98
109,Adrar,MR,2021-01-08 00:13:55,20.5022,-10.0711,74.75,43,7.11
110,Mar Del Plata,AR,2021-01-08 00:10:30,-38.0023,-57.5575,64.99,90,11.5
111,Itarema,BR,2021-01-08 00:13:56,-2.9248,-39.9167,79.97,8,13.85
112,Dingle,PH,2021-01-08 00:13:56,10.9995,122.6711,77.65,99,9.55
113,La Ronge,CA,2021-01-08 00:13:56,55.1001,-105.2842,32.0,40,5.75
114,Iqaluit,CA,2021-01-08 00:13:55,63.7506,-68.5145,-18.0,1,2.3
115,Buraydah,SA,2021-01-08 00:13:57,26.326,43.975,53.6,75,4.61
116,Port Blair,IN,2021-01-08 00:13:57,11.6667,92.75,79.59,5,8.99
117,Quelimane,MZ,2021-01-08 00:13:57,-17.8786,36.8883,82.4,0,3.44
118,Hrubieszow,PL,2021-01-08 00:13:57,50.805,23.8925,30.61,14,9.31
119,Lompoc,US,2021-01-08 00:13:58,34.6391,-120.4579,64.0,1,10.36
120,Alta Floresta,BR,2021-01-08 00:13:58,-9.8756,-56.0861,75.83,99,2.06
121,Norman Wells,CA,2021-01-08 00:13:58,65.282,-126.8329,-7.6,1,5.75
122,Ust-Karsk,RU,2021-01-08 00:13:58,52.7011,118.8077,-22.52,83,2.89
123,Gat,IL,2021-01-08 00:13:58,31.61,34.7642,60.01,72,1.99
124,Shubarshi,KZ,2021-01-08 00:13:59,48.5872,57.1869,7.99,84,14.74
125,Lagoa,PT,2021-01-08 00:13:59,39.05,-27.9833,56.37,18,17.78
126,Dunmore Town,BS,2021-01-08 00:13:59,25.5,-76.65,73.22,64,11.61
127,Valdosta,US,2021-01-08 00:14:00,30.8327,-83.2785,55.4,90,5.75
128,Shaunavon,CA,2021-01-08 00:14:00,49.6501,-108.4181,28.4,80,9.22
129,Marienburg,PL,2021-01-08 00:09:46,54.0359,19.0266,32.0,84,4.79
130,Krasnoselkup,RU,2021-01-08 00:14:00,65.7,82.4667,-12.23,46,17.65
131,Puerto Cabezas,NI,2021-01-08 00:14:00,14.0351,-83.3888,80.6,75,4.61
132,Dikson,RU,2021-01-08 00:14:01,73.5069,80.5464,18.18,91,13.8
133,Batagay-Alyta,RU,2021-01-08 00:14:02,67.8006,130.4114,-12.62,100,2.73
134,Port Hardy,CA,2021-01-08 00:14:02,50.6996,-127.4199,48.2,75,27.63
135,East London,ZA,2021-01-08 00:14:02,-33.0153,27.9116,70.2,0,15.59
136,Vila Franca Do Campo,PT,2021-01-08 00:14:02,37.7167,-25.4333,53.6,20,14.97
137,Kasungu,MW,2021-01-08 00:14:03,-13.0333,33.4833,66.49,25,3.02
138,Moron,AR,2021-01-08 00:12:45,-34.6534,-58.6198,84.99,1,4.63
139,Makakilo City,US,2021-01-08 00:14:03,21.3469,-158.0858,82.4,1,9.22
140,Torbay,CA,2021-01-08 00:14:03,47.6666,-52.7314,42.01,100,4.0
141,Salalah,OM,2021-01-08 00:14:03,17.0151,54.0924,69.8,0,8.05
142,Clyde River,CA,2021-01-08 00:14:04,70.4692,-68.5914,-18.4,20,2.3
143,San Cristobal,VE,2021-01-08 00:14:04,7.7669,-72.225,80.6,40,3.44
144,Nikolskoye,RU,2021-01-08 00:14:04,59.7035,30.7861,24.8,75,11.18
145,Phalombe,MW,2021-01-08 00:14:04,-15.8064,35.6507,70.68,100,2.15
146,Mocuba,MZ,2021-01-08 00:14:05,-16.8392,36.9856,74.75,74,0.74
147,Lake Charles,US,2021-01-08 00:14:05,30.2131,-93.2044,50.0,90,19.57
148,Lamu,KE,2021-01-08 00:14:05,-2.2717,40.902,77.0,1,4.61
149,Novobirilyussy,RU,2021-01-08 00:14:06,56.9514,90.6661,-18.63,36,1.81
150,Thompson,CA,2021-01-08 00:14:06,55.7435,-97.8558,19.4,20,4.61
151,Honolulu,US,2021-01-08 00:13:42,21.3069,-157.8583,82.4,40,10.36
152,Camopi,GF,2021-01-08 00:14:06,3.1655,-52.3158,73.72,100,2.33
153,Sabang,ID,2021-01-08 00:14:07,5.8933,95.3214,81.79,68,22.41
154,Hobart,AU,2021-01-08 00:11:01,-42.8794,147.3294,75.0,20,6.91
155,Meridian,US,2021-01-08 00:12:58,43.6121,-116.3915,42.01,90,6.91
156,Innisfail,AU,2021-01-08 00:14:07,-17.5333,146.0333,85.46,63,1.99
157,Korla,CN,2021-01-08 00:14:08,41.7597,86.1469,13.66,81,5.99
158,Guerrero Negro,MX,2021-01-08 00:14:09,27.9769,-114.0611,69.53,0,9.57
159,Mahajanga,MG,2021-01-08 00:14:09,-15.7167,46.3167,78.8,20,2.3
160,Lamani,HN,2021-01-08 00:14:09,14.2,-87.6167,75.0,39,8.99
161,Ulladulla,AU,2021-01-08 00:14:09,-35.35,150.4667,68.0,75,9.22
162,Broken Hill,AU,2021-01-08 00:14:11,-31.95,141.4333,78.8,0,9.22
163,Roald,NO,2021-01-08 00:14:12,62.5833,6.1333,33.8,90,12.66
164,Wattegama,LK,2021-01-08 00:14:12,6.7989,81.4808,72.88,68,3.24
165,Alofi,NU,2021-01-08 00:14:12,-19.0595,-169.9187,86.0,75,10.36
166,Hilo,US,2021-01-08 00:14:13,19.7297,-155.09,80.6,40,8.05
167,Comodoro Rivadavia,AR,2021-01-08 00:14:13,-45.8667,-67.5,64.4,40,13.8
168,Tondano,ID,2021-01-08 00:14:13,1.3038,124.9112,77.0,20,2.3
169,Seoul,KR,2021-01-08 00:11:54,37.5683,126.9778,-0.4,0,5.75
170,Antofagasta,CL,2021-01-08 00:10:48,-23.65,-70.4,68.0,20,9.22
171,Aklavik,CA,2021-01-08 00:14:14,68.2191,-135.0107,-11.2,1,4.61
172,Tecoanapa,MX,2021-01-08 00:14:14,16.5167,-98.75,79.05,78,3.74
173,Alice Springs,AU,2021-01-08 00:14:15,-23.7,133.8833,82.4,0,13.8
174,Yalutorovsk,RU,2021-01-08 00:14:15,56.6536,66.3006,-4.23,100,10.78
175,Khatanga,RU,2021-01-08 00:14:16,71.9667,102.5,1.09,100,16.08
176,Bhatkal,IN,2021-01-08 00:14:17,13.9667,74.5667,77.94,92,6.58
177,Fairbanks,US,2021-01-08 00:11:46,64.8378,-147.7164,5.0,75,2.3
178,Grindavik,IS,2021-01-08 00:14:17,63.8424,-22.4338,39.2,90,23.02
179,Pangnirtung,CA,2021-01-08 00:14:19,66.1451,-65.7125,-22.0,1,5.75
180,Semey,KZ,2021-01-08 00:14:19,50.4111,80.2275,-32.8,59,2.24
181,Ancud,CL,2021-01-08 00:14:19,-41.8697,-73.8203,60.01,90,11.5
182,Chara,RU,2021-01-08 00:14:20,56.9064,118.2631,-15.81,86,2.84
183,Rio Gallegos,AR,2021-01-08 00:14:21,-51.6226,-69.2181,62.6,40,23.02
184,Narsaq,GL,2021-01-08 00:14:23,60.9167,-46.05,35.6,90,4.61
185,Bengkulu,ID,2021-01-08 00:09:29,-3.8004,102.2655,75.58,96,5.41
186,Port Lincoln,AU,2021-01-08 00:14:25,-34.7333,135.8667,69.12,0,10.27
187,Roma,US,2021-01-08 00:14:26,43.2128,-75.4557,26.6,90,8.05
188,Kruisfontein,ZA,2021-01-08 00:14:26,-34.0033,24.7314,69.01,32,1.99
189,Biak,ID,2021-01-08 00:14:26,-0.9131,122.8766,80.15,100,2.44
190,Rawson,AR,2021-01-08 00:14:27,-43.3002,-65.1023,61.21,0,10.87
191,Vung Tau,VN,2021-01-08 00:14:27,10.346,107.0843,75.74,31,8.77
192,Barkly West,ZA,2021-01-08 00:14:27,-28.5354,24.5215,64.4,6,4.61
193,Mahebourg,MU,2021-01-08 00:14:28,-20.4081,57.7,75.2,20,4.61
194,Emerald,AU,2021-01-08 00:14:28,-23.5333,148.1667,80.6,90,17.27
195,Strezhevoy,RU,2021-01-08 00:14:30,60.7333,77.5889,-16.6,0,4.47
196,Amga,RU,2021-01-08 00:14:30,60.8953,131.9608,-24.02,100,1.79
197,Visnes,NO,2021-01-08 00:14:30,59.3556,5.2242,33.01,95,9.22
198,Kaifeng,CN,2021-01-08 00:14:31,34.7911,114.3483,21.2,0,11.18
199,Mount Gambier,AU,2021-01-08 00:14:32,-37.8333,140.7667,69.8,0,12.66
200,Saldanha,ZA,2021-01-08 00:14:32,-33.0117,17.9442,60.8,0,8.05
201,Kulykivka,UA,2021-01-08 00:14:32,51.3735,31.6466,37.8,100,7.96
202,Byron Bay,AU,2021-01-08 00:14:34,-28.65,153.6167,71.6,90,10.36
203,Carnarvon,AU,2021-01-08 00:14:35,-24.8667,113.6333,86.0,73,5.75
204,Kutum,SD,2021-01-08 00:14:37,14.2,24.6667,60.73,1,13.56
205,Jardin,CO,2021-01-08 00:14:37,5.599,-75.8198,57.0,88,3.18
206,Petropavlovsk-Kamchatskiy,RU,2021-01-08 00:14:38,53.0452,158.6483,-0.4,0,11.18
207,Garowe,SO,2021-01-08 00:14:39,8.4054,48.4845,63.88,0,12.35
208,Toktogul,KG,2021-01-08 00:14:39,41.8708,72.9402,18.55,96,1.79
209,Ixtapa,MX,2021-01-08 00:12:58,20.7,-105.2,72.0,90,8.05
210,Huarmey,PE,2021-01-08 00:14:40,-10.0681,-78.1522,71.91,53,8.72
211,Tiksi,RU,2021-01-08 00:14:41,71.6872,128.8694,-13.9,100,18.3
212,Mezhdurechensk,RU,2021-01-08 00:14:42,53.6942,88.0603,-2.67,100,2.53
213,Sorkjosen,NO,2021-01-08 00:14:42,69.8,20.9333,18.59,29,13.15
214,Ipora,BR,2021-01-08 00:14:42,-16.4419,-51.1178,74.32,85,3.76
215,Provost,CA,2021-01-08 00:14:43,52.3501,-110.2683,28.4,0,3.44
216,Esperance,AU,2021-01-08 00:14:43,-33.8667,121.9,68.0,0,20.71
217,Qui Nhon,VN,2021-01-08 00:14:43,13.7667,109.2333,73.62,87,16.46
218,Tunceli,TR,2021-01-08 00:14:33,39.1083,39.5471,32.0,75,5.75
219,Hargeysa,SO,2021-01-08 00:14:45,9.56,44.065,54.55,1,12.71
220,Mayo,US,2021-01-08 00:14:46,38.8876,-76.5119,37.99,1,3.44
221,Juigalpa,NI,2021-01-08 00:14:46,12.1063,-85.3645,84.2,40,6.91
222,Rock Sound,BS,2021-01-08 00:14:47,24.9,-76.2,72.82,44,10.45
223,Pevek,RU,2021-01-08 00:14:48,69.7008,170.3133,-9.72,100,3.2
224,Shahabad,IN,2021-01-08 00:14:49,27.65,79.95,53.1,0,4.76
225,Panama City,PA,2021-01-08 00:11:33,8.9936,-79.5197,82.4,75,10.36
226,Turukhansk,RU,2021-01-08 00:14:50,65.8167,87.9833,-18.6,51,12.93
227,Luanda,AO,2021-01-08 00:14:33,-8.8368,13.2343,78.8,40,4.61
228,Pitimbu,BR,2021-01-08 00:14:51,-7.4706,-34.8086,78.8,0,9.22
229,Quatre Cocos,MU,2021-01-08 00:14:51,-20.2078,57.7625,75.2,20,4.61
230,Boralday,KZ,2021-01-08 00:14:52,43.3578,76.8594,5.0,75,4.47
231,Bambanglipuro,ID,2021-01-08 00:14:53,-7.95,110.2833,78.12,94,4.07
232,Mandurah,AU,2021-01-08 00:14:54,-32.55,115.7,87.8,22,16.11
233,Puqi,CN,2021-01-08 00:14:12,29.7167,113.8833,27.59,34,4.5
234,Warragul,AU,2021-01-08 00:14:55,-38.1667,145.9333,72.0,0,10.0
235,Cidreira,BR,2021-01-08 00:14:55,-30.1811,-50.2056,75.88,100,7.96
236,Longyearbyen,SJ,2021-01-08 00:14:55,78.2186,15.6401,33.8,40,32.21
237,Maragogi,BR,2021-01-08 00:14:56,-9.0122,-35.2225,78.15,35,9.46
238,Lhokseumawe,ID,2021-01-08 00:14:56,5.1801,97.1507,77.14,97,4.54
239,Arlit,NE,2021-01-08 00:14:56,18.7369,7.3853,73.06,0,4.88
240,Sorong,ID,2021-01-08 00:14:57,-0.8833,131.25,82.92,81,6.08
241,Safford,US,2021-01-08 00:14:57,32.834,-109.7076,62.6,1,4.61
242,Ucluelet,CA,2021-01-08 00:12:45,48.9329,-125.5528,48.2,75,10.36
243,Lebu,CL,2021-01-08 00:14:58,-37.6167,-73.65,55.74,17,21.07
244,Urumqi,CN,2021-01-08 00:10:07,43.801,87.6005,-9.4,96,2.24
245,Victoria,HK,2021-01-08 00:11:59,22.2855,114.1577,48.0,100,1.99
246,Ribnitz-Damgarten,DE,2021-01-08 00:14:59,54.25,12.4667,36.0,75,3.44
247,Talnakh,RU,2021-01-08 00:15:00,69.4865,88.3972,-11.33,100,13.91
248,Naze,JP,2021-01-08 00:15:01,28.3667,129.4833,50.0,75,11.5
249,Berlevag,NO,2021-01-08 00:15:01,70.8578,29.0864,22.69,0,26.78
250,Khartoum,SD,2021-01-08 00:15:02,15.5518,32.5324,75.99,0,16.11
251,Maharagama,LK,2021-01-08 00:15:03,6.848,79.9265,78.8,20,1.14
252,Monte Alegre De Sergipe,BR,2021-01-08 00:15:03,-10.0272,-37.5622,75.11,26,13.15
253,Albacete,ES,2021-01-08 00:13:13,38.8333,-2.0,32.0,90,4.61
254,Butembo,CD,2021-01-08 00:15:04,0.15,29.2833,61.03,40,3.42
255,Umtata,ZA,2021-01-08 00:15:05,-31.5889,28.7844,60.8,6,2.3
256,San Remo,IT,2021-01-08 00:15:05,43.8182,7.7612,41.0,75,8.05
257,Anjiang,CN,2021-01-08 00:15:06,27.3194,110.1031,28.42,82,3.91
258,Bredasdorp,ZA,2021-01-08 00:15:07,-34.5322,20.0403,64.4,36,4.27
259,Korhogo,CI,2021-01-08 00:15:08,9.45,-5.6333,76.57,24,0.89
260,Colonial Heights,US,2021-01-08 00:15:09,37.268,-77.4073,39.99,1,3.09
261,Itabera,BR,2021-01-08 00:15:09,-23.8619,-49.1372,70.5,74,4.65
262,Port Macquarie,AU,2021-01-08 00:15:09,-31.4333,152.9167,68.0,90,9.22
263,Dawson Creek,CA,2021-01-08 00:15:10,55.7666,-120.2362,30.2,1,6.91
264,Yacuiba,BO,2021-01-08 00:15:10,-22.038,-63.6797,70.97,82,1.5
265,Kalmunai,LK,2021-01-08 00:15:11,7.4167,81.8167,77.11,80,4.7
266,Ames,US,2021-01-08 00:13:56,42.0347,-93.6199,30.2,90,6.91
267,Vysokogornyy,RU,2021-01-08 00:15:13,50.1167,139.15,-24.18,90,3.4
268,Isangel,VU,2021-01-08 00:15:14,-19.55,169.2667,87.8,75,9.22
269,Cherskiy,RU,2021-01-08 00:15:15,68.75,161.3,-15.29,99,0.4
270,Baykit,RU,2021-01-08 00:15:15,61.67,96.37,-15.97,4,4.36
271,Miram Shah,PK,2021-01-08 00:15:16,33.0086,70.0697,43.48,1,7.56
272,Namwala,ZM,2021-01-08 00:15:16,-15.7504,26.4384,67.91,100,3.62
273,San Jose,US,2021-01-08 00:14:02,37.3394,-121.895,61.0,75,2.48
274,Tuatapere,NZ,2021-01-08 00:15:17,-46.1333,167.6833,60.01,78,3.0
275,Bagan,RU,2021-01-08 00:15:17,54.1001,77.6646,-16.37,64,4.14
276,Krasnosilka,UA,2021-01-08 00:15:20,46.6226,30.7742,35.6,0,8.5
277,Palmer,US,2021-01-08 00:15:20,42.1584,-72.3287,32.0,20,11.5
278,Beringovskiy,RU,2021-01-08 00:15:21,63.05,179.3167,-15.95,12,5.46
279,Magadi,IN,2021-01-08 00:15:21,12.9667,77.2333,68.0,40,2.3
280,Atasu,KZ,2021-01-08 00:15:22,48.6814,71.6433,-23.22,0,2.01
281,Kailua,US,2021-01-08 00:15:23,21.4022,-157.7394,82.4,40,5.75
282,Ostrovnoy,RU,2021-01-08 00:15:24,68.0531,39.5131,10.51,5,9.17
283,Rancho Palos Verdes,US,2021-01-08 00:15:24,33.7445,-118.387,62.01,75,11.5
284,Cockburn Town,TC,2021-01-08 00:15:25,21.4612,-71.1419,75.2,40,5.75
285,Kidal,ML,2021-01-08 00:15:26,18.4411,1.4078,75.07,0,10.02
286,Novi Sanzhary,UA,2021-01-08 00:15:26,49.3439,34.3108,39.78,88,20.83
287,Tevriz,RU,2021-01-08 00:15:26,57.509,72.4042,-16.8,27,2.33
288,Faanui,PF,2021-01-08 00:15:27,-16.4833,-151.75,80.67,45,14.74
289,Marang,MY,2021-01-08 00:15:28,5.2056,103.2059,80.6,40,8.05
290,Kodiak,US,2021-01-08 00:15:28,57.79,-152.4072,39.2,90,16.11
291,Arman,RU,2021-01-08 00:15:28,59.7,150.1667,-5.84,28,5.84
292,Hasaki,JP,2021-01-08 00:15:29,35.7333,140.8333,36.0,20,9.22
293,Maturin,VE,2021-01-08 00:15:29,9.75,-63.1767,74.52,75,6.78
294,Skvyra,UA,2021-01-08 00:15:29,49.7318,29.6657,36.54,100,19.39
295,Millinocket,US,2021-01-08 00:15:30,45.6573,-68.7098,26.6,1,3.44
296,Sinegorskiy,RU,2021-01-08 00:15:30,48.0139,40.8447,40.12,100,14.94
297,Dicabisagan,PH,2021-01-08 00:15:30,17.0818,122.4157,74.37,71,9.57
298,Caramoan,PH,2021-01-08 00:15:30,13.7707,123.8631,77.83,99,15.77
299,Poum,NC,2021-01-08 00:15:31,-20.2333,164.0167,82.72,41,10.38
300,Lloydminster,CA,2021-01-08 00:15:31,53.2835,-110.0016,24.8,20,3.44
301,Otane,NZ,2021-01-08 00:15:32,-39.8833,176.6333,74.62,46,5.28
302,Tyubuk,RU,2021-01-08 00:15:32,56.0552,60.9405,2.79,100,7.2
303,Geraldton,AU,2021-01-08 00:15:32,-28.7667,114.6,96.8,24,20.71
304,Waingapu,ID,2021-01-08 00:15:33,-9.6567,120.2641,82.36,95,1.59
305,Uglegorsk,RU,2021-01-08 00:15:33,49.0833,142.0333,1.9,96,15.97
306,Nelson Bay,AU,2021-01-08 00:15:34,-32.7167,152.15,71.6,90,17.27
307,Sawakin,SD,2021-01-08 00:15:34,19.1059,37.3321,75.52,34,12.46
308,Ullal,IN,2021-01-08 00:15:34,12.8,74.85,75.2,40,4.61
309,Salinopolis,BR,2021-01-08 00:15:35,-0.6136,-47.3561,81.16,15,11.1
310,Mindelo,CV,2021-01-08 00:15:35,16.8901,-24.9804,73.4,20,16.11
311,Umm Lajj,SA,2021-01-08 00:15:35,25.0213,37.2685,74.66,0,9.37
312,Camacha,PT,2021-01-08 00:15:36,33.0833,-16.3333,53.6,75,24.16
313,Alihe,CN,2021-01-08 00:15:36,50.5667,123.7167,-17.12,97,3.4
314,Nanortalik,GL,2021-01-08 00:15:36,60.1432,-45.2371,37.15,100,8.01
315,Shunyi,CN,2021-01-08 00:15:37,40.125,116.6453,15.01,0,2.24
316,Port Hueneme,US,2021-01-08 00:15:37,34.1478,-119.1951,69.8,1,13.8
317,Sterling,US,2021-01-08 00:11:32,39.0062,-77.4286,39.2,1,6.91
318,Pinega,RU,2021-01-08 00:15:38,64.7001,43.3936,-8.0,64,3.71
319,Whitehorse,CA,2021-01-08 00:12:04,60.7161,-135.0538,26.6,20,19.57
320,Mae Sai,TH,2021-01-08 00:15:38,20.4335,99.8762,64.4,20,2.3
321,Chinsali,ZM,2021-01-08 00:15:39,-10.5414,32.0816,64.08,7,1.45
322,Yinchuan,CN,2021-01-08 00:15:39,38.4681,106.2731,3.51,0,3.76
323,Nandgaon,IN,2021-01-08 00:15:39,20.3167,74.65,69.13,99,6.04
324,Dhidhdhoo,MV,2021-01-08 00:15:39,6.8833,73.1,82.26,54,7.7
325,Kargil,IN,2021-01-08 00:15:40,34.5667,76.1,1.87,100,1.77
326,Saint-Francois,FR,2021-01-08 00:15:40,46.4154,3.9054,34.0,90,3.44
327,Nome,US,2021-01-08 00:15:40,64.5011,-165.4064,5.0,90,8.05
328,Baghdad,IQ,2021-01-08 00:15:20,33.3406,44.4009,41.0,25,4.61
329,Taunggyi,MM,2021-01-08 00:15:41,20.7833,97.0333,51.69,79,2.15
330,Bentiu,SS,2021-01-08 00:15:41,9.2333,29.8333,72.86,28,6.2
331,Bambous Virieux,MU,2021-01-08 00:15:41,-20.3428,57.7575,75.2,20,4.61
332,Tallahassee,US,2021-01-08 00:12:02,30.4383,-84.2807,55.99,75,17.27
333,Ust-Koksa,RU,2021-01-08 00:15:42,50.2696,85.6108,-4.97,67,0.6
334,Saint George,US,2021-01-08 00:11:29,37.1041,-113.5841,52.0,1,2.51
335,Touros,BR,2021-01-08 00:15:42,-5.1989,-35.4608,80.6,40,13.8
336,Puerto Madryn,AR,2021-01-08 00:15:43,-42.7692,-65.0385,62.06,0,12.75
337,Puerto Escondido,MX,2021-01-08 00:15:43,15.85,-97.0667,77.0,75,2.62
338,Chhabra,IN,2021-01-08 00:15:43,24.6667,76.8333,61.47,0,6.67
339,Tahoua,NE,2021-01-08 00:15:44,14.8888,5.2692,78.8,0,4.61
340,Sungaipenuh,ID,2021-01-08 00:15:44,-2.0833,101.3833,64.67,100,3.87
341,Altamira,BR,2021-01-08 00:15:44,-3.2033,-52.2064,73.87,50,1.59
342,Olinda,BR,2021-01-08 00:15:45,-8.0089,-34.8553,78.8,20,8.05
343,Husavik,IS,2021-01-08 00:15:45,66.0449,-17.3389,26.6,90,23.02
344,Beloha,MG,2021-01-08 00:15:45,-25.1667,45.05,75.02,66,0.98
345,Were Ilu,ET,2021-01-08 00:15:45,10.6,39.4333,47.21,0,3.89
346,Aranos,NA,2021-01-08 00:15:46,-24.1333,19.1167,79.81,40,9.19
347,Kahului,US,2021-01-08 00:15:46,20.8947,-156.47,86.0,20,13.8
348,Togur,RU,2021-01-08 00:15:47,58.3631,82.8265,-14.42,98,6.2
349,Merauke,ID,2021-01-08 00:15:47,-8.4667,140.3333,77.72,100,14.2
350,Svetlaya,RU,2021-01-08 00:15:47,46.5389,138.3297,-2.07,100,12.59
351,San Quintin,MX,2021-01-08 00:15:47,30.4833,-115.95,64.76,1,10.02
352,Georgetown,MY,2021-01-08 00:15:47,5.4112,100.3354,79.0,20,4.61
353,Khani,GE,2021-01-08 00:15:48,41.9563,42.9566,44.6,0,5.75
354,Severo-Kurilsk,RU,2021-01-08 00:15:48,50.6789,156.125,22.37,68,9.04
355,Tulun,RU,2021-01-08 00:15:48,54.5611,100.5792,-7.26,1,5.06
356,Deputatskiy,RU,2021-01-08 00:15:49,69.3,139.9,-15.2,100,4.43
357,Mazamari,PE,2021-01-08 00:15:49,-11.3258,-74.5308,68.7,63,0.83
358,Cape Coast,GH,2021-01-08 00:15:49,5.1053,-1.2466,79.72,64,9.98
359,San Rafael,AR,2021-01-08 00:15:49,-34.6177,-68.3301,69.73,33,7.72
360,Nata,PA,2021-01-08 00:15:50,8.3333,-80.5167,78.8,20,6.91
361,Zhangye,CN,2021-01-08 00:15:50,38.9342,100.4517,4.87,0,4.0
362,Rayagada,IN,2021-01-08 00:15:50,19.1667,83.4167,65.52,3,0.87
363,Thio,NC,2021-01-08 00:15:51,-21.6167,166.2167,87.8,20,4.61
364,Caceres,ES,2021-01-08 00:15:51,39.522,-6.3748,32.0,83,9.6
365,Bam,IR,2021-01-08 00:15:51,29.106,58.357,37.27,0,12.24
366,Tateyama,JP,2021-01-08 00:15:51,34.9833,139.8667,39.0,89,1.99
367,Ribeira Grande,PT,2021-01-08 00:15:52,38.5167,-28.7,57.36,22,22.28
368,Chifeng,CN,2021-01-08 00:15:52,42.2683,118.9636,-17.93,29,8.28
369,Bemidji,US,2021-01-08 00:15:52,47.4736,-94.8803,21.99,1,4.61
370,Broome,US,2021-01-08 00:15:53,42.2506,-75.833,27.0,90,13.8
371,Nicoya,CR,2021-01-08 00:15:54,10.1483,-85.452,80.6,40,4.61
372,Vardo,NO,2021-01-08 00:15:54,70.3705,31.1107,23.52,23,25.48
373,Springdale,US,2021-01-08 00:15:54,36.1867,-94.1288,37.4,90,9.22
374,Berezovka,BY,2021-01-08 00:15:54,53.7214,25.4993,31.6,100,2.75
375,Maralal,KE,2021-01-08 00:15:55,1.0968,36.698,55.02,15,3.13
376,Morondava,MG,2021-01-08 00:15:55,-20.2833,44.2833,80.82,80,8.25
377,Maceio,BR,2021-01-08 00:13:37,-9.6658,-35.7353,77.0,20,4.61
378,Eureka,US,2021-01-08 00:15:56,40.8021,-124.1637,55.99,97,7.65
379,Atar,MR,2021-01-08 00:15:56,20.5169,-13.0499,68.85,0,0.87
380,Tupik,RU,2021-01-08 00:15:56,54.4253,119.9327,-20.02,100,3.04
381,Sao Manuel,BR,2021-01-08 00:15:57,-22.7311,-48.5706,75.2,20,2.3
382,Lebyazhye,RU,2021-01-08 00:15:57,55.2689,66.4947,-8.75,100,7.72
383,Egvekinot,RU,2021-01-08 00:15:58,66.3167,-179.1667,-16.82,92,1.5
384,Pochutla,MX,2021-01-08 00:15:59,15.7432,-96.4661,80.01,40,6.91
385,Chokwe,MZ,2021-01-08 00:12:11,-24.5333,32.9833,72.66,50,5.91
386,Raudeberg,NO,2021-01-08 00:15:59,61.9875,5.1352,35.01,97,13.47
387,Great Bend,US,2021-01-08 00:15:59,38.3645,-98.7648,36.0,90,6.91
388,San Julian,MX,2021-01-08 00:16:00,21.0167,-102.1667,62.73,100,5.5
389,Ambon,ID,2021-01-08 00:14:50,-3.6954,128.1814,80.6,20,5.75
390,Acapulco,MX,2021-01-08 00:16:00,16.8634,-99.8901,82.4,75,3.89
391,Kavieng,PG,2021-01-08 00:16:00,-2.5744,150.7967,81.09,100,19.33
392,Ilinge,ZA,2021-01-08 00:16:01,-31.9768,27.0427,63.54,10,0.87
393,Padang,ID,2021-01-08 00:16:01,-0.9492,100.3543,79.16,97,3.87
394,Paamiut,GL,2021-01-08 00:16:01,61.994,-49.6678,25.79,100,15.43
395,Durban,ZA,2021-01-08 00:12:38,-29.8579,31.0292,71.01,0,2.3
396,Dunedin,NZ,2021-01-08 00:16:02,-45.8742,170.5036,58.24,26,13.06
397,Kijang,KR,2021-01-08 00:16:02,35.2442,129.2139,14.0,20,9.22
398,Bafoulabe,ML,2021-01-08 00:16:02,13.8065,-10.8321,79.36,0,4.12
399,Karonga,MW,2021-01-08 00:16:03,-9.9333,33.9333,74.71,25,4.09
400,Grand-Lahou,CI,2021-01-08 00:16:03,5.1367,-5.0242,79.18,31,8.75
401,Zhigansk,RU,2021-01-08 00:16:03,66.7697,123.3711,-32.51,100,13.35
402,Bethel,US,2021-01-08 00:16:03,41.3712,-73.414,28.99,0,1.99
403,Kieta,PG,2021-01-08 00:16:04,-6.2167,155.6333,85.86,100,6.33
404,Yining,CN,2021-01-08 00:16:04,29.0361,114.5636,27.3,55,2.42
405,Novaci,RO,2021-01-08 00:16:04,45.1833,23.6667,34.92,100,2.89
406,Fairlie,GB,2021-01-08 00:16:04,55.756,-4.8556,33.01,56,3.0
407,Tetouan,MA,2021-01-08 00:16:05,35.5711,-5.3724,59.0,75,5.75
408,Knysna,ZA,2021-01-08 00:16:05,-34.0363,23.0471,69.8,90,8.05
409,Bonthe,SL,2021-01-08 00:16:05,7.5264,-12.505,79.0,99,7.09
410,Darhan,MN,2021-01-08 00:16:05,49.4867,105.9228,-7.64,1,6.58
411,Ituporanga,BR,2021-01-08 00:16:06,-27.4144,-49.6025,73.0,97,1.77
412,Kiunga,PG,2021-01-08 00:16:06,-6.1219,141.2906,74.32,100,1.45
413,Nadvoitsy,RU,2021-01-08 00:16:06,63.8667,34.3167,7.34,95,4.43
414,Indian Head,US,2021-01-08 00:16:06,38.6001,-77.1622,37.4,1,3.2
415,Slave Lake,CA,2021-01-08 00:16:06,55.2834,-114.769,28.4,20,2.3
416,Khovu-Aksy,RU,2021-01-08 00:16:07,51.1333,93.6,-17.0,86,2.64
417,Anandpur Sahib,IN,2021-01-08 00:16:07,31.25,76.5,51.91,8,1.34
418,Tumbagaan,PH,2021-01-08 00:16:07,5.3656,120.3139,79.66,78,4.14
419,Los Llanos De Aridane,ES,2021-01-08 00:16:08,28.6585,-17.9182,66.2,40,13.8
420,New Waterford,US,2021-01-08 00:16:08,40.8451,-80.6145,32.0,95,1.99
421,Yershichi,RU,2021-01-08 00:16:08,53.6725,32.7542,34.3,100,10.67
422,Chissamba,AO,2021-01-08 00:16:08,-12.1667,17.3333,62.96,100,7.54
423,Mokobeng,BW,2021-01-08 00:16:08,-22.9965,27.6678,69.03,93,11.61
424,Taltal,CL,2021-01-08 00:16:09,-25.4,-70.4833,66.18,21,4.85
425,Otteveny,HU,2021-01-08 00:16:09,47.7195,17.4847,30.99,61,2.3
426,Maun,BW,2021-01-08 00:16:09,-19.9833,23.4167,71.6,75,13.8
427,Laguna,US,2021-01-08 00:14:12,38.421,-121.4238,54.0,1,4.52
428,Shelburne,CA,2021-01-08 00:15:06,44.0787,-80.2041,24.8,1,4.61
429,Tura,IN,2021-01-08 00:15:02,25.5198,90.2201,61.45,22,2.77
430,Trairi,BR,2021-01-08 00:16:10,-3.2778,-39.2689,80.26,62,11.92
431,Vila,PT,2021-01-08 00:16:11,42.0304,-8.1588,27.0,0,1.01
432,Muros,ES,2021-01-08 00:16:11,42.7762,-9.0603,37.0,2,12.35
433,Kamenka,RU,2021-01-08 00:16:11,51.3223,42.7678,34.0,100,15.55
434,Pouebo,NC,2021-01-08 00:16:12,-20.4,164.5667,85.39,72,3.38
435,Puerto Ayacucho,VE,2021-01-08 00:16:12,5.6639,-67.6236,76.14,92,3.98
436,Giyon,ET,2021-01-08 00:16:12,8.5333,37.9833,55.85,21,8.32
437,Chapais,CA,2021-01-08 00:16:12,49.7834,-74.8492,12.2,90,10.36
438,Labuhan,ID,2021-01-08 00:16:13,-6.8844,112.2051,77.52,100,8.93
439,Leningradskiy,RU,2021-01-08 00:16:13,69.3833,178.4167,-10.35,100,6.44
440,Contamana,PE,2021-01-08 00:16:13,-7.3333,-75.0167,71.35,62,2.01
441,Mansa,IN,2021-01-08 00:16:14,29.9833,75.3833,50.02,0,1.21
442,Abay,KZ,2021-01-08 00:16:14,49.6311,72.8539,-34.6,0,4.47
443,Sao Joao Da Barra,BR,2021-01-08 00:16:14,-21.6403,-41.0511,76.86,39,17.02
444,Krasne,UA,2021-01-08 00:16:14,49.9145,24.6134,28.4,75,4.47
445,Belur,IN,2021-01-08 00:13:16,13.1667,75.8667,66.38,85,5.19
446,Port Maria,JM,2021-01-08 00:16:15,18.3685,-76.8895,75.0,20,5.82
447,Westport,US,2021-01-08 00:14:18,41.1415,-73.3579,33.8,1,13.8
448,Necochea,AR,2021-01-08 00:16:15,-38.5473,-58.7368,63.0,9,11.27
449,Maltahohe,NA,2021-01-08 00:16:15,-24.8333,16.9833,78.94,98,9.62
450,Okhotsk,RU,2021-01-08 00:16:15,59.3833,143.3,-20.69,55,12.06
451,Mvuma,ZW,2021-01-08 00:16:16,-19.2792,30.5283,64.42,100,6.73
452,Mana,GF,2021-01-08 00:16:16,5.6592,-53.7767,78.15,100,9.89
453,Wajima,JP,2021-01-08 00:16:16,37.4,136.9,26.6,75,4.61
454,Wanlaweyn,SO,2021-01-08 00:16:16,2.6185,44.8938,70.63,15,14.5
455,Lazaro Cardenas,MX,2021-01-08 00:16:16,17.9583,-102.2,77.09,29,2.3
456,Tahe,CN,2021-01-08 00:16:17,52.3333,124.7333,-18.36,100,3.65
457,Bose,IT,2021-01-08 00:16:17,45.4612,8.0137,30.99,21,4.81
458,Kuala Selangor,MY,2021-01-08 00:16:17,3.35,101.25,79.0,20,2.3
459,The Valley,AI,2021-01-08 00:16:18,18.217,-63.0578,77.0,40,11.5
460,Berea,US,2021-01-08 00:11:55,41.3662,-81.8543,30.99,90,8.05
461,Kayes,ML,2021-01-08 00:16:18,14.0,-11.0,78.76,0,5.48
462,Pitkyaranta,RU,2021-01-08 00:16:18,61.5734,31.4792,12.83,99,8.72
463,Roshni-Chu,RU,2021-01-08 00:16:19,43.0895,45.4544,30.2,90,2.24
464,Provideniya,RU,2021-01-08 00:16:19,64.3833,-173.3,-7.22,7,3.76
465,Lorengau,PG,2021-01-08 00:16:19,-2.0226,147.2712,86.18,83,6.53
466,Mackay,AU,2021-01-08 00:16:19,-21.15,149.2,80.6,75,14.97
467,Mildura,AU,2021-01-08 00:16:20,-34.2,142.15,84.2,0,2.3
468,Katsuura,JP,2021-01-08 00:16:20,35.1333,140.3,39.2,20,3.44
469,Mehran,IR,2021-01-08 00:16:20,33.1222,46.1646,30.2,0,2.3
470,Fortuna,US,2021-01-08 00:15:06,40.5982,-124.1573,55.99,1,9.22
471,Alexandria,EG,2021-01-08 00:16:21,31.2156,29.9553,62.6,19,4.61
472,Marzuq,YE,2021-01-08 00:16:21,14.4,46.4667,51.1,0,2.8
473,Meulaboh,ID,2021-01-08 00:16:21,4.1363,96.1285,75.87,63,4.5
474,Felipe Carrillo Puerto,MX,2021-01-08 00:16:21,19.5833,-88.05,71.26,86,2.48
475,San Policarpo,PH,2021-01-08 00:16:22,12.1791,125.5072,79.41,99,13.13
476,Warkworth,NZ,2021-01-08 00:16:22,-36.4,174.6667,68.0,100,3.0
477,Kilakarai,IN,2021-01-08 00:12:29,9.2333,78.7833,78.46,63,8.79
478,Verkhnevilyuysk,RU,2021-01-08 00:16:22,63.4453,120.3167,-3.28,98,2.66
479,Harda,IN,2021-01-08 00:16:23,22.3333,77.1,69.6,97,6.24
480,Shieli,KZ,2021-01-08 00:16:23,44.1667,66.75,3.29,0,4.68
481,Markova,UA,2021-01-08 00:16:23,48.6758,24.4138,29.37,29,2.73
482,Buala,SB,2021-01-08 00:16:23,-8.145,159.5921,82.76,94,6.51
483,Hobyo,SO,2021-01-08 00:16:24,5.3505,48.5268,74.3,0,20.2
484,Sarh,TD,2021-01-08 00:16:24,9.1429,18.3923,69.8,0,3.8
485,Ponta Delgada,PT,2021-01-08 00:16:24,37.7333,-25.6667,53.6,20,14.97
486,Kattivakkam,IN,2021-01-08 00:16:24,13.2167,80.3167,77.0,75,7.18
487,Rondonopolis,BR,2021-01-08 00:15:28,-16.4708,-54.6356,73.31,100,1.83
488,Bad Mergentheim,DE,2021-01-08 00:16:25,49.4925,9.7736,32.0,90,11.5
489,Lensk,RU,2021-01-08 00:16:26,60.7253,114.9278,1.89,100,15.43
490,Taksimo,RU,2021-01-08 00:16:26,56.3444,114.8794,-11.11,100,3.2
491,Bahia Blanca,AR,2021-01-08 00:16:26,-38.7196,-62.2724,67.5,21,15.55
492,Yar-Sale,RU,2021-01-08 00:16:26,66.8333,70.8333,-11.85,89,17.07
493,Nouakchott,MR,2021-01-08 00:16:26,18.0858,-15.9785,69.8,0,13.8
494,Kaabong,UG,2021-01-08 00:16:27,3.4836,34.1492,68.07,52,6.22
495,Namatanai,PG,2021-01-08 00:16:27,-3.6667,152.4333,83.98,100,9.84
496,Newton,US,2021-01-08 00:16:09,42.337,-71.2092,36.0,1,10.36
497,Liwale,TZ,2021-01-08 00:16:27,-9.7667,37.9333,70.99,48,4.27
498,Malanje,AO,2021-01-08 00:16:28,-9.5402,16.341,62.71,95,4.38
499,El Paisnal,SV,2021-01-08 00:16:28,13.9736,-89.2186,82.4,20,6.91
500,Nioro,GM,2021-01-08 00:16:28,13.35,-15.75,70.9,0,7.18
501,Baltoji Voke,LT,2021-01-08 00:16:28,54.6,25.2,30.99,90,4.61
502,Kushmurun,KZ,2021-01-08 00:16:29,52.4503,64.6311,-13.04,86,6.82
503,Cuiluan,CN,2021-01-08 00:16:29,47.72,128.648,-19.08,99,7.9
504,Jardim,BR,2021-01-08 00:16:29,-21.4803,-56.1381,73.98,84,1.79
505,Kununurra,AU,2021-01-08 00:16:30,-15.7667,128.7333,87.8,27,1.14
506,Kampot,KH,2021-01-08 00:16:30,10.6167,104.1833,77.0,20,5.75
507,Fraserburgh,GB,2021-01-08 00:16:31,57.6874,-2.0184,37.0,98,25.01
508,Coxim,BR,2021-01-08 00:16:31,-18.5067,-54.76,79.11,98,8.48
509,Krutikha,RU,2021-01-08 00:16:31,53.9599,81.2093,-8.39,100,2.37
510,Carutapera,BR,2021-01-08 00:16:31,-1.195,-46.02,79.83,12,7.78
511,Nalut,LY,2021-01-08 00:16:31,30.3333,10.85,62.64,100,9.48
512,Rio Grande,BR,2021-01-08 00:16:32,-32.035,-52.0986,79.0,49,4.61
513,Nemuro,JP,2021-01-08 00:13:18,43.3236,145.575,24.8,90,11.5
514,Monywa,MM,2021-01-08 00:16:32,22.1167,95.1333,66.24,100,3.65
515,Katete,UG,2021-01-08 00:16:32,-0.7818,29.7544,63.52,7,2.75
516,Bandarbeyla,SO,2021-01-08 00:16:33,9.4942,50.8122,73.33,34,19.48
517,Mountain Home,US,2021-01-08 00:16:33,43.133,-115.6912,41.0,20,4.61
518,Tessalit,ML,2021-01-08 00:16:34,20.1986,1.0114,72.95,12,11.48
519,Qandala,SO,2021-01-08 00:16:34,11.472,49.8728,72.23,0,6.11
520,Kuryk,KZ,2021-01-08 00:16:34,43.2,51.65,35.01,52,21.18
521,Illapel,CL,2021-01-08 00:16:34,-31.6308,-71.1653,62.08,0,3.06
522,Freeport,US,2021-01-08 00:13:50,40.6576,-73.5832,36.0,1,12.66
523,Tocopilla,CL,2021-01-08 00:16:35,-22.092,-70.1979,69.58,25,10.0
524,Sibu,MY,2021-01-08 00:12:36,2.3,111.8167,75.2,40,2.3
525,Luderitz,NA,2021-01-08 00:16:35,-26.6481,15.1594,68.41,18,16.17
526,Shirokiy,RU,2021-01-08 00:16:36,49.758,129.523,-21.93,99,2.62
527,Guantanamo,CU,2021-01-08 00:16:36,20.1444,-75.2092,80.6,75,11.5
528,Ormara,PK,2021-01-08 00:16:36,25.2088,64.6357,56.32,0,29.12
529,Feldkirchen,DE,2021-01-08 00:16:36,48.148,11.7434,28.99,28,1.99
530,Palatka,US,2021-01-08 00:16:37,29.6486,-81.6376,64.99,69,6.46
531,Olafsvik,IS,2021-01-08 00:16:37,64.8945,-23.7142,42.19,100,26.4
532,Kampene,CD,2021-01-08 00:16:38,-3.6,26.6667,68.65,98,1.61
533,Caravelas,BR,2021-01-08 00:16:38,-17.7125,-39.2481,75.99,47,6.89
534,Bestobe,KZ,2021-01-08 00:16:39,52.4994,73.0975,-23.66,0,4.54
535,Banjar,ID,2021-01-08 00:16:39,-8.19,114.9675,77.0,75,3.44
536,Portland,US,2021-01-08 00:12:06,45.5234,-122.6762,51.8,75,13.8
537,Marawi,PH,2021-01-08 00:16:39,7.9986,124.2928,75.99,100,5.99
538,Radhanpur,IN,2021-01-08 00:16:40,23.8333,71.6,57.43,2,9.75
539,Sitka,US,2021-01-08 00:16:40,57.0531,-135.33,46.4,75,10.36
540,Stepnogorsk,KZ,2021-01-08 00:16:40,52.3544,71.8869,-22.9,0,3.53
541,Pirgos,GR,2021-01-08 00:16:40,35.1167,25.7178,55.99,38,8.08
542,Saint-Denis,FR,2021-01-08 00:16:41,48.9167,2.3333,35.01,89,3.44
543,Romny,UA,2021-01-08 00:16:41,50.751,33.4747,38.53,100,11.65
544,Listowel,IE,2021-01-08 00:16:42,52.4464,-9.485,33.01,20,3.44
545,Gigmoto,PH,2021-01-08 00:16:44,13.7796,124.39,78.37,98,15.46
546,Arkhipo-Osipovka,RU,2021-01-08 00:16:44,44.37,38.52,52.86,100,12.37
547,Iranshahr,IR,2021-01-08 00:16:45,27.2025,60.6848,33.8,0,4.61
548,Oistins,BB,2021-01-08 00:16:45,13.0667,-59.5333,78.8,40,17.27
549,Adre,TD,2021-01-08 00:16:45,13.4667,22.2,67.44,7,15.73
550,Imeni Poliny Osipenko,RU,2021-01-08 00:16:45,52.4201,136.4853,-25.17,100,0.47
551,Port Hedland,AU,2021-01-08 00:16:46,-20.3167,118.5667,87.8,96,6.91
552,Manhattan,US,2021-01-08 00:11:56,40.7834,-73.9662,37.4,1,6.91
553,Axim,GH,2021-01-08 00:16:46,4.8699,-2.2405,79.52,94,8.84
554,Waddan,LY,2021-01-08 00:16:47,29.1614,16.139,62.29,87,4.36
555,Aksarka,RU,2021-01-08 00:16:47,66.5606,67.7975,-16.78,79,14.27
556,Passo De Camaragibe,BR,2021-01-08 00:16:48,-9.2368,-35.4901,75.2,0,3.44
557,Barcelos,PT,2021-01-08 00:16:48,41.5388,-8.6151,39.99,0,6.91
558,Pacific Grove,US,2021-01-08 00:16:48,36.6177,-121.9166,63.0,1,6.17
559,Chadan,RU,2021-01-08 00:16:48,51.2833,91.5833,-26.95,92,0.31
560,Te Anau,NZ,2021-01-08 00:16:49,-45.4167,167.7167,58.44,62,3.06
561,Tongzi,CN,2021-01-08 00:16:49,28.7829,105.0877,36.14,100,4.12
562,Oranjemund,NA,2021-01-08 00:16:49,-28.55,16.4333,61.34,14,10.18
563,Coihaique,CL,2021-01-08 00:16:49,-45.5752,-72.0662,55.4,75,4.61
564,Chatakonda,IN,2021-01-08 00:16:50,17.55,80.65,67.33,1,2.86
565,Ferme-Neuve,CA,2021-01-08 00:16:50,46.7001,-75.4493,19.4,1,10.36
566,Houston,US,2021-01-08 00:11:51,29.7633,-95.3633,55.4,20,12.66
