City_ID,City,Country,Date,Lat,Lng,Max Temp,Humidity,Cloudiness,Wind Speed,Current Description
0,New Norfolk,AU,2021-01-11 00:30:41,-42.7826,147.0587,87.01,25,85,1.99,overcast clouds
1,Punta Arenas,CL,2021-01-11 00:30:41,-53.15,-70.9167,48.2,66,90,12.66,overcast clouds
2,Port Alfred,ZA,2021-01-11 00:30:41,-33.5906,26.891,66.0,85,83,12.19,broken clouds
3,Kruisfontein,ZA,2021-01-11 00:30:42,-34.0033,24.7314,64.99,80,98,1.01,overcast clouds
4,Balikpapan,ID,2021-01-11 00:30:42,-1.2675,116.8289,84.2,74,40,11.5,scattered clouds
5,Kostino,RU,2021-01-11 00:30:42,58.9097,53.2691,-1.98,90,100,12.62,overcast clouds
6,Ust-Ilimsk,RU,2021-01-11 00:30:42,58.0006,102.6619,-8.75,90,100,1.14,overcast clouds
7,Itoman,JP,2021-01-11 00:30:43,26.1247,127.6694,60.8,72,40,11.5,scattered clouds
8,Port Lincoln,AU,2021-01-11 00:30:43,-34.7333,135.8667,82.85,32,100,20.31,overcast clouds
9,Hermanus,ZA,2021-01-11 00:30:43,-34.4187,19.2345,64.0,79,21,1.99,few clouds
10,Bredasdorp,ZA,2021-01-11 00:26:41,-34.5322,20.0403,62.6,82,99,4.61,light rain
11,Upornaya,RU,2021-01-11 00:30:44,44.3914,41.0196,31.39,98,100,2.86,overcast clouds
12,Kodiak,US,2021-01-11 00:30:10,57.79,-152.4072,39.2,87,90,17.27,light rain
13,Bluefields,NI,2021-01-11 00:30:44,12.0137,-83.7635,75.2,100,90,4.61,light intensity drizzle
14,Barrow,US,2021-01-11 00:30:44,71.2906,-156.7887,3.2,85,90,10.36,haze
15,Saskylakh,RU,2021-01-11 00:30:45,71.9167,114.0833,-8.86,87,100,16.98,overcast clouds
16,Ulladulla,AU,2021-01-11 00:30:45,-35.35,150.4667,78.8,50,0,5.75,clear sky
17,Balakhta,RU,2021-01-11 00:30:45,55.38,91.6,3.61,93,100,7.87,overcast clouds
18,Hobart,AU,2021-01-11 00:28:07,-42.8794,147.3294,86.0,32,0,11.5,clear sky
19,Zavodoukovsk,RU,2021-01-11 00:30:46,56.5042,66.5515,-6.5,90,100,10.42,light snow
20,Guaramirim,BR,2021-01-11 00:29:34,-26.4731,-49.0028,78.8,89,90,5.75,overcast clouds
21,Mataura,NZ,2021-01-11 00:30:46,-46.1927,168.8643,61.0,64,81,15.01,broken clouds
22,Wajir,KE,2021-01-11 00:30:46,1.7471,40.0573,74.8,69,0,12.82,clear sky
23,Rikitea,PF,2021-01-11 00:30:47,-23.1203,-134.9692,78.35,78,38,16.4,scattered clouds
24,Henties Bay,NA,2021-01-11 00:30:47,-22.116,14.2845,69.01,84,100,5.01,overcast clouds
25,Christchurch,NZ,2021-01-11 00:28:13,-43.5333,172.6333,62.6,72,90,11.5,overcast clouds
26,East London,ZA,2021-01-11 00:30:47,-33.0153,27.9116,70.02,84,99,14.25,light rain
27,Mount Gambier,AU,2021-01-11 00:30:47,-37.8333,140.7667,95.0,15,100,21.85,overcast clouds
28,Thompson,CA,2021-01-11 00:28:32,55.7435,-97.8558,10.4,85,20,3.44,few clouds
29,Cape Town,ZA,2021-01-11 00:27:02,-33.9258,18.4232,66.99,68,0,8.05,clear sky
30,Jamestown,US,2021-01-11 00:26:00,42.097,-79.2353,28.4,86,1,3.44,clear sky
31,Porto Santo,PT,2021-01-11 00:30:49,33.072,-16.3415,57.2,58,20,21.85,light rain
32,Ushuaia,AR,2021-01-11 00:30:49,-54.8,-68.3,42.8,75,40,19.57,light snow
33,Dikson,RU,2021-01-11 00:30:49,73.5069,80.5464,22.26,98,100,17.98,light snow
34,Fallon,US,2021-01-11 00:30:49,39.4735,-118.7774,41.0,45,75,4.61,broken clouds
35,Maniitsoq,GL,2021-01-11 00:30:50,65.4167,-52.9,31.53,98,100,20.89,snow
36,Baiyin,CN,2021-01-11 00:30:50,36.5583,104.2081,12.0,71,0,8.95,clear sky
37,Laguna,US,2021-01-11 00:30:50,38.421,-121.4238,55.0,71,75,9.22,broken clouds
38,Clyde River,CA,2021-01-11 00:30:50,70.4692,-68.5914,6.8,85,90,13.8,light snow
39,Weligama,LK,2021-01-11 00:30:50,5.9667,80.4167,75.36,84,100,2.01,overcast clouds
40,Saint Anthony,US,2021-01-11 00:30:35,45.0205,-93.218,26.6,93,1,4.88,clear sky
41,Chuy,UY,2021-01-11 00:30:51,-33.6971,-53.4616,73.81,91,41,14.83,scattered clouds
42,Esperance,AU,2021-01-11 00:30:51,-33.8667,121.9,64.4,63,90,16.11,overcast clouds
43,Bluff,NZ,2021-01-11 00:30:51,-46.6,168.3333,61.0,64,89,15.01,overcast clouds
44,Kapaa,US,2021-01-11 00:30:52,22.0752,-159.319,78.8,73,75,13.8,broken clouds
45,Kuching,MY,2021-01-11 00:30:52,1.55,110.3333,77.0,94,40,2.3,scattered clouds
46,San Anselmo,US,2021-01-11 00:30:52,37.9747,-122.5616,55.0,76,90,3.44,overcast clouds
47,Sur,OM,2021-01-11 00:30:52,22.5667,59.5289,64.96,46,0,12.37,clear sky
48,Ust-Tsilma,RU,2021-01-11 00:30:52,65.441,52.1498,-10.03,89,0,1.68,clear sky
49,Chokurdakh,RU,2021-01-11 00:30:53,70.6333,147.9167,-33.27,84,1,8.79,clear sky
50,Khani,GE,2021-01-11 00:30:53,41.9563,42.9566,50.0,93,90,4.61,overcast clouds
51,Nikolskoye,RU,2021-01-11 00:30:53,59.7035,30.7861,3.0,78,0,8.95,clear sky
52,Matagami,CA,2021-01-11 00:30:53,49.7502,-77.6328,14.0,92,90,5.75,overcast clouds
53,Yellowknife,CA,2021-01-11 00:30:10,62.456,-114.3525,5.0,92,75,8.05,broken clouds
54,Mahebourg,MU,2021-01-11 00:30:54,-20.4081,57.7,78.8,94,75,3.44,light rain
55,Grindavik,IS,2021-01-11 00:30:54,63.8424,-22.4338,19.4,68,0,4.61,clear sky
56,Vila Velha,BR,2021-01-11 00:30:54,-20.3297,-40.2925,79.0,83,75,11.5,broken clouds
57,Bozdar,PK,2021-01-11 00:30:54,27.1828,68.636,42.8,87,0,2.08,mist
58,Severo-Kurilsk,RU,2021-01-11 00:30:55,50.6789,156.125,20.77,89,97,19.8,overcast clouds
59,Busselton,AU,2021-01-11 00:30:55,-33.65,115.3333,64.99,62,4,1.01,clear sky
60,Parana,AR,2021-01-11 00:29:36,-31.732,-60.5238,87.8,51,90,21.85,overcast clouds
61,Alofi,NU,2021-01-11 00:30:56,-19.0595,-169.9187,86.0,66,75,12.66,broken clouds
62,Hithadhoo,MV,2021-01-11 00:30:56,-0.6,73.0833,80.56,77,100,14.74,overcast clouds
63,Qaanaaq,GL,2021-01-11 00:30:56,77.484,-69.3632,-0.09,74,0,4.72,clear sky
64,Lorengau,PG,2021-01-11 00:30:56,-2.0226,147.2712,86.31,62,24,3.62,few clouds
65,Saint-Philippe,RE,2021-01-11 00:30:56,-21.3585,55.7679,77.0,88,75,3.44,light rain
66,Kabale,UG,2021-01-11 00:30:57,-1.2486,29.9899,58.73,87,100,2.04,overcast clouds
67,Ransang,PH,2021-01-11 00:30:57,8.9603,117.5828,82.13,74,94,9.57,overcast clouds
68,Saeby,DK,2021-01-11 00:30:57,57.3319,10.5225,33.01,93,75,10.36,broken clouds
69,Saint-Augustin,CA,2021-01-11 00:30:57,51.226,-58.6502,17.58,84,0,14.18,clear sky
70,Westport,US,2021-01-11 00:30:58,41.1415,-73.3579,33.8,47,1,6.91,clear sky
71,Coquimbo,CL,2021-01-11 00:27:32,-29.9533,-71.3436,60.8,82,0,9.22,clear sky
72,Miguel Hidalgo,MX,2021-01-11 00:30:58,19.4225,-99.2028,64.4,45,75,11.5,broken clouds
73,Avarua,CK,2021-01-11 00:28:45,-21.2078,-159.775,86.0,66,87,12.66,overcast clouds
74,Duluth,US,2021-01-11 00:30:47,46.7833,-92.1066,25.0,86,90,10.36,overcast clouds
75,Mar Del Plata,AR,2021-01-11 00:30:25,-38.0023,-57.5575,71.01,88,90,16.11,overcast clouds
76,Butaritari,KI,2021-01-11 00:30:59,3.0707,172.7902,80.94,82,52,15.88,light rain
77,Salinopolis,BR,2021-01-11 00:30:59,-0.6136,-47.3561,79.45,86,97,12.1,light rain
78,Albany,US,2021-01-11 00:30:37,42.6001,-73.9662,21.99,93,20,3.2,few clouds
79,Atuona,PF,2021-01-11 00:30:59,-9.8,-139.0333,77.74,80,100,13.82,light rain
80,Samarai,PG,2021-01-11 00:31:00,-10.6167,150.6667,86.65,69,100,8.46,overcast clouds
81,Hasaki,JP,2021-01-11 00:31:00,35.7333,140.8333,36.0,74,75,9.22,broken clouds
82,Putina,PE,2021-01-11 00:31:00,-15.4667,-69.4333,47.46,74,100,8.28,overcast clouds
83,Cidreira,BR,2021-01-11 00:31:00,-30.1811,-50.2056,76.95,81,67,22.32,broken clouds
84,Katherine,AU,2021-01-11 00:31:01,-14.4667,132.2667,86.0,62,0,2.3,clear sky
85,Sal Rei,CV,2021-01-11 00:31:01,16.1833,-22.9167,68.0,56,75,21.85,broken clouds
86,Hilo,US,2021-01-11 00:31:01,19.7297,-155.09,80.6,57,1,10.36,clear sky
87,Barra,BR,2021-01-11 00:31:02,-11.0894,-43.1417,76.91,75,17,2.48,few clouds
88,Nabire,ID,2021-01-11 00:31:02,-3.3667,135.4833,85.96,65,100,2.35,overcast clouds
89,Jalu,LY,2021-01-11 00:31:03,29.0331,21.5482,63.5,43,6,9.4,clear sky
90,Ponta Do Sol,PT,2021-01-11 00:31:03,32.6667,-17.1,53.01,71,3,1.99,clear sky
91,Cherskiy,RU,2021-01-11 00:31:03,68.75,161.3,-34.74,83,61,1.61,broken clouds
92,Lompoc,US,2021-01-11 00:31:04,34.6391,-120.4579,59.0,72,1,13.8,clear sky
93,Ahipara,NZ,2021-01-11 00:31:04,-35.1667,173.1667,70.43,59,1,9.33,clear sky
94,Carnarvon,AU,2021-01-11 00:31:04,-24.8667,113.6333,78.8,69,0,19.57,clear sky
95,Douentza,ML,2021-01-11 00:31:05,14.9951,-2.9517,67.98,23,0,3.67,clear sky
96,Chany,RU,2021-01-11 00:31:05,55.3121,76.7647,-0.65,93,100,8.68,light snow
97,Pevek,RU,2021-01-11 00:31:05,69.7008,170.3133,-26.73,87,100,3.56,overcast clouds
98,Fortuna,US,2021-01-11 00:31:05,40.5982,-124.1573,55.99,87,1,1.77,clear sky
99,Lomianki,PL,2021-01-11 00:31:06,52.3341,20.886,35.01,74,75,4.61,broken clouds
100,Touros,BR,2021-01-11 00:31:06,-5.1989,-35.4608,80.6,74,40,11.5,scattered clouds
101,Verkh-Usugli,RU,2021-01-11 00:31:06,52.7,115.1667,-9.29,87,62,1.7,broken clouds
102,La Ronge,CA,2021-01-11 00:31:07,55.1001,-105.2842,21.2,73,100,3.44,overcast clouds
103,Turayf,SA,2021-01-11 00:31:07,31.6725,38.6637,41.0,93,0,4.61,clear sky
104,Wanning,CN,2021-01-11 00:31:07,18.8003,110.3967,54.57,79,100,19.57,overcast clouds
105,Castro,BR,2021-01-11 00:31:07,-24.7911,-50.0119,66.29,97,100,7.81,overcast clouds
106,Asekeyevo,RU,2021-01-11 00:31:07,53.5742,52.7972,2.48,93,60,5.39,broken clouds
107,Saint George,US,2021-01-11 00:31:08,37.1041,-113.5841,48.2,27,1,4.61,clear sky
108,Wageningen,NL,2021-01-11 00:31:08,51.9667,5.6667,39.0,93,90,10.36,mist
109,Hof,DE,2021-01-11 00:31:09,50.3167,11.9167,24.01,92,0,1.99,clear sky
110,Lebu,CL,2021-01-11 00:30:46,-37.6167,-73.65,56.03,87,95,6.62,light rain
111,Konstantinovka,RU,2021-01-11 00:31:09,49.6167,127.9833,-9.02,84,56,3.67,broken clouds
112,Tuatapere,NZ,2021-01-11 00:31:09,-46.1333,167.6833,61.0,64,100,15.01,overcast clouds
113,Upernavik,GL,2021-01-11 00:31:10,72.7868,-56.1549,10.49,86,100,13.06,overcast clouds
114,Puerto Ayora,EC,2021-01-11 00:31:10,-0.7393,-90.3518,73.99,90,0,3.0,clear sky
115,Codrington,AU,2021-01-11 00:31:10,-38.2667,141.9667,90.3,24,100,19.71,overcast clouds
116,Ilhabela,BR,2021-01-11 00:31:10,-23.7781,-45.3581,77.81,87,100,9.37,overcast clouds
117,Vaini,TO,2021-01-11 00:31:11,-21.2,-175.2,84.2,79,75,9.22,broken clouds
118,Resistencia,AR,2021-01-11 00:28:15,-27.4606,-58.9839,91.4,52,0,12.66,clear sky
119,Kidal,ML,2021-01-11 00:31:11,18.4411,1.4078,73.31,19,0,8.46,clear sky
120,Qasigiannguit,GL,2021-01-11 00:31:12,68.8193,-51.1922,19.4,68,75,3.0,broken clouds
121,Hauterive,FR,2021-01-11 00:31:12,46.0901,3.4459,28.4,80,75,6.91,broken clouds
122,Victoria,HK,2021-01-11 00:30:10,22.2855,114.1577,51.01,48,100,5.01,overcast clouds
123,Manta,EC,2021-01-11 00:30:47,-0.95,-80.7333,80.6,69,75,9.22,broken clouds
124,Adilabad,IN,2021-01-11 00:31:12,19.6667,78.5333,69.04,49,0,1.95,clear sky
125,Bad Windsheim,DE,2021-01-11 00:31:13,49.5,10.4167,21.0,100,1,1.01,mist
126,Sedona,US,2021-01-11 00:30:53,34.8697,-111.761,54.0,22,1,4.61,clear sky
127,Bethel,US,2021-01-11 00:31:13,41.3712,-73.414,30.0,64,1,4.52,clear sky
128,Beringovskiy,RU,2021-01-11 00:31:13,63.05,179.3167,-20.25,85,11,13.29,few clouds
129,Gizo,SB,2021-01-11 00:31:14,-8.103,156.8419,85.39,69,100,6.26,moderate rain
130,Georgetown,MY,2021-01-11 00:30:13,5.4112,100.3354,79.0,78,20,2.3,few clouds
131,Ribeira Grande,PT,2021-01-11 00:31:14,38.5167,-28.7,62.6,90,100,10.04,light rain
132,Chapais,CA,2021-01-11 00:31:14,49.7834,-74.8492,15.8,92,90,4.61,overcast clouds
133,Kuloy,RU,2021-01-11 00:31:14,61.0305,42.4925,-10.05,90,1,4.5,clear sky
134,Baracoa,CU,2021-01-11 00:31:15,20.3467,-74.4958,75.67,86,100,11.3,overcast clouds
135,Soller,ES,2021-01-11 00:31:15,39.7662,2.7152,50.0,10,100,16.02,overcast clouds
136,Port Blair,IN,2021-01-11 00:31:15,11.6667,92.75,78.8,83,40,2.3,scattered clouds
137,Te Anau,NZ,2021-01-11 00:31:15,-45.4167,167.7167,63.59,46,30,2.15,scattered clouds
138,Kashi,CN,2021-01-11 00:31:16,39.4547,75.9797,6.8,66,0,11.18,clear sky
139,Ancud,CL,2021-01-11 00:31:16,-41.8697,-73.8203,46.99,76,0,6.91,light rain
140,Am Timan,TD,2021-01-11 00:31:16,11.0297,20.2827,66.16,25,0,6.31,clear sky
141,Miri,MY,2021-01-11 00:31:16,4.4148,114.0089,78.8,94,40,8.05,scattered clouds
142,Zhigansk,RU,2021-01-11 00:31:17,66.7697,123.3711,-35.09,82,100,6.62,overcast clouds
143,Koslan,RU,2021-01-11 00:31:17,63.4564,48.8989,-7.94,89,0,6.42,clear sky
144,Iranshahr,IR,2021-01-11 00:31:17,27.2025,60.6848,39.2,14,0,6.91,clear sky
145,Napierville,CA,2021-01-11 00:31:17,45.1865,-73.4047,19.99,93,100,8.05,overcast clouds
146,College,US,2021-01-11 00:31:17,64.8569,-147.8028,15.8,79,75,5.75,broken clouds
147,Itarema,BR,2021-01-11 00:31:18,-2.9248,-39.9167,78.78,78,99,12.33,overcast clouds
148,Bambous Virieux,MU,2021-01-11 00:31:18,-20.3428,57.7575,78.8,94,75,3.44,light rain
149,Morros,BR,2021-01-11 00:31:18,-9.4467,-46.3003,72.84,87,100,2.51,overcast clouds
150,Karwar,IN,2021-01-11 00:31:18,14.8,74.1333,75.78,69,33,5.84,scattered clouds
151,Flinders,AU,2021-01-11 00:31:18,-34.5833,150.8552,81.0,61,4,4.0,clear sky
152,Apollonia,GR,2021-01-11 00:31:19,36.9716,24.7231,68.0,72,100,12.66,overcast clouds
153,Belmonte,BR,2021-01-11 00:31:19,-15.8631,-38.8828,78.8,83,75,8.05,broken clouds
154,Ryotsu,JP,2021-01-11 00:31:19,38.0833,138.4333,32.0,93,75,4.61,light snow
155,Khatanga,RU,2021-01-11 00:31:19,71.9667,102.5,-8.86,90,100,16.55,light snow
156,Avera,US,2021-01-11 00:29:14,33.194,-82.5271,41.0,87,1,3.18,clear sky
157,Waingapu,ID,2021-01-11 00:31:20,-9.6567,120.2641,83.86,70,99,0.76,overcast clouds
158,Bengkulu,ID,2021-01-11 00:31:20,-3.8004,102.2655,78.96,79,100,3.53,overcast clouds
159,Tiksi,RU,2021-01-11 00:31:20,71.6872,128.8694,-20.56,85,100,17.34,overcast clouds
160,Trat,TH,2021-01-11 00:31:21,12.5,102.5,69.96,68,94,13.27,overcast clouds
161,Pathein,MM,2021-01-11 00:26:42,16.7833,94.7333,69.91,73,50,4.83,scattered clouds
162,Yar-Sale,RU,2021-01-11 00:31:21,66.8333,70.8333,-16.64,83,14,6.29,few clouds
163,Gat,IL,2021-01-11 00:31:21,31.61,34.7642,59.0,82,0,2.3,clear sky
164,Ashland,US,2021-01-11 00:31:21,40.8167,-82.2665,32.0,74,1,1.9,clear sky
165,Pecos,US,2021-01-11 00:31:22,31.4229,-103.4932,35.6,75,90,5.75,overcast clouds
166,San Cristobal,VE,2021-01-11 00:31:22,7.7669,-72.225,80.6,69,40,4.61,light rain
167,Fort Nelson,CA,2021-01-11 00:31:22,58.8053,-122.7002,6.8,92,40,4.14,scattered clouds
168,Vanimo,PG,2021-01-11 00:31:22,-2.6741,141.3028,84.58,70,100,2.95,light rain
169,Kondinskoye,RU,2021-01-11 00:31:23,59.6481,67.41,-23.87,86,96,8.77,overcast clouds
170,Arraial Do Cabo,BR,2021-01-11 00:31:23,-22.9661,-42.0278,76.87,90,3,16.78,clear sky
171,Santa Rosa,PH,2021-01-11 00:31:23,14.3122,121.1114,80.01,73,40,1.14,scattered clouds
172,Saldanha,ZA,2021-01-11 00:31:24,-33.0117,17.9442,57.2,77,0,5.75,clear sky
173,Batticaloa,LK,2021-01-11 00:31:24,7.7102,81.6924,75.81,93,100,3.85,heavy intensity rain
174,Cockburn Town,TC,2021-01-11 00:31:24,21.4612,-71.1419,77.0,78,40,4.61,scattered clouds
175,Bouar,CF,2021-01-11 00:31:25,5.934,15.596,66.54,26,0,5.32,clear sky
176,Srednekolymsk,RU,2021-01-11 00:31:25,67.45,153.6833,-31.23,84,94,2.35,overcast clouds
177,Cypress,US,2021-01-11 00:31:25,33.817,-118.0373,69.8,21,1,6.91,clear sky
178,Sao Filipe,CV,2021-01-11 00:31:25,14.8961,-24.4956,70.86,70,41,18.05,scattered clouds
179,Comodoro Rivadavia,AR,2021-01-11 00:30:36,-45.8667,-67.5,62.6,25,20,23.02,few clouds
180,Paamiut,GL,2021-01-11 00:31:27,61.994,-49.6678,33.01,97,100,8.43,snow
181,Vao,NC,2021-01-11 00:31:27,-22.6667,167.4833,77.74,89,100,14.09,overcast clouds
182,Klaksvik,FO,2021-01-11 00:31:27,62.2266,-6.589,30.2,69,75,17.27,light snow
183,Bathsheba,BB,2021-01-11 00:31:27,13.2167,-59.5167,78.8,73,20,20.71,few clouds
184,San Carlos De Bariloche,AR,2021-01-11 00:27:27,-41.1456,-71.3082,46.4,61,40,26.46,scattered clouds
185,Vikulovo,RU,2021-01-11 00:31:28,56.8167,70.6107,-10.95,89,100,10.54,overcast clouds
186,Iqaluit,CA,2021-01-11 00:30:17,63.7506,-68.5145,1.4,78,75,12.66,snow
187,Cabo San Lucas,MX,2021-01-11 00:31:28,22.8909,-109.9124,73.99,68,1,9.22,clear sky
188,Port Elizabeth,ZA,2021-01-11 00:31:28,-33.918,25.5701,66.2,82,40,4.61,scattered clouds
189,Airai,TL,2021-01-11 00:31:29,-8.9266,125.4092,71.96,88,0,1.43,light rain
190,Verkhnevilyuysk,RU,2021-01-11 00:31:29,63.4453,120.3167,-34.58,83,100,3.49,overcast clouds
191,Tupik,RU,2021-01-11 00:31:29,54.4253,119.9327,-17.28,86,100,1.05,overcast clouds
192,Dezhou,CN,2021-01-11 00:31:30,37.4486,116.2925,25.65,68,0,9.66,clear sky
193,Port Hardy,CA,2021-01-11 00:31:30,50.6996,-127.4199,44.6,93,90,23.02,moderate rain
194,Praia Da Vitoria,PT,2021-01-11 00:31:29,38.7333,-27.0667,59.0,100,20,11.72,light rain
195,La Algaba,ES,2021-01-11 00:31:32,37.4637,-6.0129,43.0,93,0,4.61,clear sky
196,Suslonger,RU,2021-01-11 00:31:32,56.3156,48.2531,5.0,85,75,8.95,light snow
197,Katesh,TZ,2021-01-11 00:31:32,-4.5167,35.3833,58.46,94,99,3.44,overcast clouds
198,Husavik,IS,2021-01-11 00:31:32,66.0449,-17.3389,17.6,73,90,4.61,light snow
199,Tiznit,MA,2021-01-11 00:31:33,29.5833,-9.5,46.62,83,77,6.96,light rain
200,Lexington,US,2021-01-11 00:30:14,37.9887,-84.4777,32.0,69,1,2.19,clear sky
201,San Juan,AR,2021-01-11 00:31:33,-31.5375,-68.5364,89.94,23,2,3.65,clear sky
202,Broken Hill,AU,2021-01-11 00:31:33,-31.95,141.4333,89.6,23,0,16.11,clear sky
203,Evensk,RU,2021-01-11 00:31:33,61.95,159.2333,6.66,92,100,18.14,light snow
204,Anito,PH,2021-01-11 00:31:34,12.4497,125.2886,78.12,89,93,15.1,overcast clouds
205,Paveh,IR,2021-01-11 00:31:34,35.0434,46.3565,32.25,69,0,0.2,clear sky
206,Taltal,CL,2021-01-11 00:31:34,-25.4,-70.4833,64.2,74,69,6.82,broken clouds
207,Grand Baie,MU,2021-01-11 00:31:34,-20.0182,57.5802,77.0,86,2,9.69,clear sky
208,Beloha,MG,2021-01-11 00:31:35,-25.1667,45.05,75.61,79,0,9.33,clear sky
209,Pisco,PE,2021-01-11 00:29:32,-13.7,-76.2167,71.6,83,0,20.71,clear sky
210,Teya,RU,2021-01-11 00:31:35,60.3778,92.6267,-15.81,85,100,2.59,overcast clouds
211,Tasiilaq,GL,2021-01-11 00:31:35,65.6145,-37.6368,21.2,49,90,2.3,overcast clouds
212,Eyl,SO,2021-01-11 00:31:35,7.9803,49.8164,69.49,73,87,16.62,overcast clouds
213,Lakatoro,VU,2021-01-11 00:31:36,-16.0999,167.4164,85.93,68,36,5.3,light rain
214,Camacha,PT,2021-01-11 00:31:36,33.0833,-16.3333,57.2,58,20,21.85,light rain
215,Santa Luzia,BR,2021-01-11 00:31:36,-19.7697,-43.8514,75.2,83,40,9.22,light rain
216,Agbor,NG,2021-01-11 00:31:36,6.2518,6.1934,74.52,95,31,3.78,scattered clouds
217,Anadyr,RU,2021-01-11 00:31:36,64.75,177.4833,-31.0,75,0,13.42,clear sky
218,San Quintin,MX,2021-01-11 00:31:37,30.4833,-115.95,60.85,56,49,7.45,scattered clouds
219,Mitzic,GA,2021-01-11 00:31:37,0.7821,11.549,68.95,97,1,3.33,clear sky
220,San Patricio,US,2021-01-11 00:31:37,28.017,-97.5169,42.8,87,90,23.02,overcast clouds
221,Kangaatsiaq,GL,2021-01-11 00:31:37,68.3065,-53.4641,21.04,90,100,12.97,overcast clouds
222,Torit,SS,2021-01-11 00:31:37,4.4133,32.5678,77.09,31,5,0.89,clear sky
223,Tuktoyaktuk,CA,2021-01-11 00:30:40,69.4541,-133.0374,1.4,85,75,11.5,light snow
224,Sandnessjoen,NO,2021-01-11 00:31:39,66.0217,12.6316,32.0,69,20,13.8,few clouds
225,Biak,ID,2021-01-11 00:31:39,-0.9131,122.8766,83.12,69,35,1.52,scattered clouds
226,Ler,SS,2021-01-11 00:31:39,8.3018,30.1418,69.69,24,98,5.57,overcast clouds
227,Doka,SD,2021-01-11 00:31:39,13.5167,35.7667,67.95,45,0,11.16,clear sky
228,Buala,SB,2021-01-11 00:31:40,-8.145,159.5921,81.97,78,100,1.9,moderate rain
229,Solton,RU,2021-01-11 00:31:40,52.8429,86.4787,15.96,97,100,4.29,snow
230,Elizabeth City,US,2021-01-11 00:31:40,36.2946,-76.2511,37.99,87,1,4.61,clear sky
231,Kaitangata,NZ,2021-01-11 00:31:41,-46.2817,169.8464,60.01,52,100,11.01,overcast clouds
232,Mbekenyera,TZ,2021-01-11 00:31:41,-10.0,38.9833,69.96,97,97,2.57,overcast clouds
233,Yinchuan,CN,2021-01-11 00:31:41,38.4681,106.2731,13.75,76,0,8.14,clear sky
234,Pipri,IN,2021-01-11 00:31:41,19.8,75.5333,64.4,82,0,4.32,haze
235,Varhaug,NO,2021-01-11 00:31:42,58.6147,5.6457,33.8,100,75,4.61,light rain
236,Sioux Lookout,CA,2021-01-11 00:31:42,50.1001,-91.917,24.8,93,90,12.66,light snow
237,Luderitz,NA,2021-01-11 00:31:42,-26.6481,15.1594,66.58,69,5,23.58,clear sky
238,Sulzbach-Rosenberg,DE,2021-01-11 00:28:14,49.4983,11.7517,21.99,92,40,0.67,mist
239,Kothapet,IN,2021-01-11 00:31:42,19.3333,79.4833,67.15,55,0,1.52,clear sky
240,Huarmey,PE,2021-01-11 00:31:42,-10.0681,-78.1522,70.3,83,67,9.57,broken clouds
241,Shaunavon,CA,2021-01-11 00:31:43,49.6501,-108.4181,19.4,93,100,6.91,overcast clouds
242,Mana,GF,2021-01-11 00:31:43,5.6592,-53.7767,77.65,85,81,11.68,broken clouds
243,Butler,US,2021-01-11 00:31:43,39.4501,-84.5666,32.0,80,1,3.0,clear sky
244,Torbay,CA,2021-01-11 00:31:43,47.6666,-52.7314,33.01,100,90,26.46,light snow
245,Suntar,RU,2021-01-11 00:31:44,62.1444,117.6319,-35.61,82,100,0.94,overcast clouds
246,Asosa,ET,2021-01-11 00:31:44,10.0667,34.5333,61.23,45,0,4.27,clear sky
247,Tchollire,CM,2021-01-11 00:31:44,8.4022,14.1698,68.45,24,90,2.06,overcast clouds
248,Morristown,US,2021-01-11 00:30:22,36.214,-83.2949,33.8,75,1,1.07,clear sky
249,Lavrentiya,RU,2021-01-11 00:31:44,65.5833,-171.0,-14.33,83,100,12.41,overcast clouds
250,Kabalo,CD,2021-01-11 00:31:46,-6.05,26.9167,68.13,94,100,0.94,overcast clouds
251,Muyezerskiy,RU,2021-01-11 00:31:46,63.9333,31.65,-3.15,91,100,5.53,overcast clouds
252,Srisailam,IN,2021-01-11 00:31:46,16.0833,78.8667,66.92,72,93,2.71,overcast clouds
253,Namibe,AO,2021-01-11 00:31:46,-15.1961,12.1522,69.84,72,11,5.48,few clouds
254,Geraldton,AU,2021-01-11 00:31:47,-28.7667,114.6,75.2,53,0,17.27,clear sky
255,Nushki,PK,2021-01-11 00:31:47,29.5542,66.0215,32.36,75,0,0.47,clear sky
256,Provideniya,RU,2021-01-11 00:31:47,64.3833,-173.3,-4.0,71,0,4.47,clear sky
257,Kande,TG,2021-01-11 00:31:47,9.9578,1.0447,75.2,43,0,2.3,clear sky
258,Bayanday,RU,2021-01-11 00:31:47,53.0661,105.5139,6.49,90,100,2.1,overcast clouds
259,Young,UY,2021-01-11 00:31:48,-32.6833,-57.6333,89.01,49,0,1.99,clear sky
260,Fermo,IT,2021-01-11 00:31:48,43.1647,13.7233,39.99,82,99,8.01,overcast clouds
261,Palmer,US,2021-01-11 00:31:48,42.1584,-72.3287,27.0,74,40,1.97,scattered clouds
262,Sola,VU,2021-01-11 00:31:48,-13.8833,167.55,86.0,79,75,7.36,broken clouds
263,Faanui,PF,2021-01-11 00:31:49,-16.4833,-151.75,80.85,75,100,15.28,light rain
264,Xinyu,CN,2021-01-11 00:31:49,27.8043,114.9334,38.48,70,6,2.71,light rain
265,Sept-Iles,CA,2021-01-11 00:28:38,50.2001,-66.3821,19.4,73,0,9.22,clear sky
266,Nome,US,2021-01-11 00:31:49,64.5011,-165.4064,15.8,67,1,13.8,clear sky
267,Alto Araguaia,BR,2021-01-11 00:31:50,-17.3147,-53.2153,73.63,81,52,1.32,light rain
268,Berlevag,NO,2021-01-11 00:31:50,70.8578,29.0864,12.69,94,51,19.89,broken clouds
269,Vardo,NO,2021-01-11 00:31:50,70.3705,31.1107,12.2,73,40,19.57,scattered clouds
270,Bubaque,GW,2021-01-11 00:31:50,11.2833,-15.8333,80.44,56,0,17.83,clear sky
271,Ngozi,BI,2021-01-11 00:31:51,-2.9075,29.8306,57.52,99,100,0.76,overcast clouds
272,Kirovskiy,RU,2021-01-11 00:31:51,45.0917,133.5136,0.19,90,35,4.45,scattered clouds
273,San Pedro,PH,2021-01-11 00:29:40,14.35,121.0167,80.01,73,40,1.14,scattered clouds
274,Fairbanks,US,2021-01-11 00:31:31,64.8378,-147.7164,15.8,79,75,5.75,broken clouds
275,Sao Mateus Do Sul,BR,2021-01-11 00:31:51,-25.8742,-50.3828,67.06,95,94,4.23,overcast clouds
276,Sao Gabriel Da Cachoeira,BR,2021-01-11 00:31:52,-0.1303,-67.0892,73.26,96,13,0.98,few clouds
277,Norman Wells,CA,2021-01-11 00:31:52,65.282,-126.8329,6.8,92,75,3.44,broken clouds
278,Longyearbyen,SJ,2021-01-11 00:31:52,78.2186,15.6401,28.4,69,40,10.36,scattered clouds
279,Moramanga,MG,2021-01-11 00:27:15,-18.9333,48.2,63.19,93,95,1.54,overcast clouds
280,Grand-Santi,GF,2021-01-11 00:31:52,4.25,-54.3833,72.37,97,100,2.84,overcast clouds
281,Mitsamiouli,KM,2021-01-11 00:31:53,-11.3847,43.2844,81.45,80,68,11.9,light rain
282,Oranjemund,NA,2021-01-11 00:31:53,-28.55,16.4333,61.43,85,2,10.38,clear sky
283,Bagdarin,RU,2021-01-11 00:31:53,54.4333,113.6,-12.96,82,42,2.91,scattered clouds
284,Dillon,US,2021-01-11 00:31:53,34.4166,-79.3712,39.0,87,1,2.04,clear sky
285,Harper,LR,2021-01-11 00:31:54,4.375,-7.7169,78.58,86,25,7.25,scattered clouds
286,Qaqortoq,GL,2021-01-11 00:31:54,60.7167,-46.0333,41.0,33,75,25.32,broken clouds
287,Aswan,EG,2021-01-11 00:31:54,24.0934,32.907,61.74,58,0,8.39,clear sky
288,San-Pedro,CI,2021-01-11 00:31:55,4.7485,-6.6363,77.9,89,56,6.58,moderate rain
289,Shagonar,RU,2021-01-11 00:31:55,51.5333,92.8,-12.68,86,100,3.15,overcast clouds
290,Birkeland,NO,2021-01-11 00:31:55,58.3309,8.2323,36.0,93,90,2.3,light snow
291,Moose Factory,CA,2021-01-11 00:31:55,51.2585,-80.6094,19.4,86,90,11.5,overcast clouds
292,Winslow,US,2021-01-11 00:31:55,35.0242,-110.6974,41.0,30,1,3.13,clear sky
293,Cuxhaven,DE,2021-01-11 00:31:56,53.8718,8.6909,39.2,93,100,9.22,overcast clouds
294,Livada,RO,2021-01-11 00:31:56,47.8667,23.1333,34.0,93,90,3.85,light snow
295,Sabha,LY,2021-01-11 00:31:56,27.0377,14.4283,62.78,30,100,13.18,overcast clouds
296,Krasnorechenskiy,RU,2021-01-11 00:31:57,44.6265,135.3532,-1.89,85,60,8.66,broken clouds
297,Middlesbrough,GB,2021-01-11 00:28:59,54.5762,-1.2348,43.0,88,100,8.99,overcast clouds
298,The Valley,AI,2021-01-11 00:27:29,18.217,-63.0578,79.0,78,75,9.22,broken clouds
299,Nantucket,US,2021-01-11 00:31:58,41.2835,-70.0995,28.4,80,1,3.44,clear sky
300,Alyangula,AU,2021-01-11 00:31:59,-13.8483,136.4192,89.6,66,40,1.14,scattered clouds
301,Berwick,US,2021-01-11 00:31:59,41.0545,-76.2333,28.0,82,100,2.39,overcast clouds
302,Pasan,IN,2021-01-11 00:31:59,22.85,82.2,59.16,88,0,2.21,clear sky
303,Barh,IN,2021-01-11 00:32:00,25.4833,85.7167,59.0,88,97,4.61,mist
304,Mizdah,LY,2021-01-11 00:32:00,31.4451,12.9801,64.65,28,0,10.4,clear sky
305,Puerto Quijarro,BO,2021-01-11 00:32:00,-17.7833,-57.7667,81.91,65,0,1.68,clear sky
306,Kharabali,RU,2021-01-11 00:32:01,47.4196,47.2568,28.0,99,0,8.52,clear sky
307,Cosala,MX,2021-01-11 00:32:01,24.4125,-106.6908,68.0,84,0,3.0,clear sky
308,Marawi,PH,2021-01-11 00:32:01,7.9986,124.2928,78.01,88,91,1.99,overcast clouds
309,Moron,AR,2021-01-11 00:32:01,-34.6534,-58.6198,82.0,74,0,4.0,clear sky
310,Polunochnoye,RU,2021-01-11 00:32:03,60.8697,60.4153,-24.07,87,99,6.71,overcast clouds
311,Nanortalik,GL,2021-01-11 00:32:03,60.1432,-45.2371,32.2,93,100,3.06,overcast clouds
312,Vostok,RU,2021-01-11 00:32:03,46.4856,135.8833,-5.91,88,100,5.73,overcast clouds
313,Ambon,ID,2021-01-11 00:32:04,-3.6954,128.1814,86.0,74,20,3.44,few clouds
314,Xiuyan,CN,2021-01-11 00:32:05,40.2928,123.2744,12.4,78,100,1.81,overcast clouds
315,Aklavik,CA,2021-01-11 00:32:05,68.2191,-135.0107,8.6,85,100,2.3,overcast clouds
316,Kahului,US,2021-01-11 00:27:26,20.8947,-156.47,82.4,54,40,23.02,scattered clouds
317,Creel,MX,2021-01-11 00:32:06,27.75,-107.6333,35.31,71,0,3.27,clear sky
318,Ndele,CF,2021-01-11 00:32:07,8.4109,20.6473,68.63,23,47,7.38,scattered clouds
319,Santa Cruz De Tenerife,ES,2021-01-11 00:32:08,28.4682,-16.2546,57.99,93,75,21.85,broken clouds
320,Lodwar,KE,2021-01-11 00:32:08,3.1191,35.5973,79.83,44,0,6.46,clear sky
321,Muros,ES,2021-01-11 00:32:08,42.7762,-9.0603,45.0,62,10,5.01,clear sky
322,Ornskoldsvik,SE,2021-01-11 00:32:08,63.2909,18.7153,15.8,100,90,5.75,overcast clouds
323,Conil,FR,2021-01-11 00:32:09,44.9673,3.7177,12.51,100,100,3.4,overcast clouds
324,Havoysund,NO,2021-01-11 00:32:09,70.9963,24.6622,15.8,62,0,16.11,clear sky
325,Chillicothe,US,2021-01-11 00:29:15,39.3331,-82.9824,33.01,100,1,1.28,clear sky
326,Kavaratti,IN,2021-01-11 00:27:14,10.5669,72.642,82.08,74,94,5.5,overcast clouds
327,Oktyabrskiy,RU,2021-01-11 00:32:10,54.4815,53.471,1.35,92,65,6.78,broken clouds
328,Okha,RU,2021-01-11 00:32:10,53.5739,142.9478,-8.59,88,100,15.48,overcast clouds
329,Sitka,US,2021-01-11 00:32:10,57.0531,-135.33,44.6,76,90,19.57,light rain
330,Gawler,AU,2021-01-11 00:30:45,-34.6,138.7333,96.01,18,100,15.01,overcast clouds
331,Sao Felix Do Xingu,BR,2021-01-11 00:32:10,-6.6447,-51.995,73.63,94,99,0.74,moderate rain
332,Campos,BR,2021-01-11 00:32:11,-21.75,-41.3,75.4,89,6,8.1,clear sky
333,Praia,CV,2021-01-11 00:32:11,14.9215,-23.5087,71.6,60,75,19.57,broken clouds
334,Aksu,CN,2021-01-11 00:32:11,41.1231,80.2644,6.8,80,0,1.97,clear sky
335,Manadhoo,MV,2021-01-11 00:32:11,5.7667,73.3833,78.69,85,96,12.55,moderate rain
336,Tibiri,NE,2021-01-11 00:32:11,13.5627,7.0485,70.18,22,0,10.33,clear sky
337,Agirish,RU,2021-01-11 00:32:12,61.9247,63.0231,-24.32,86,35,6.6,scattered clouds
338,Yeppoon,AU,2021-01-11 00:28:14,-23.1333,150.7333,80.6,61,90,13.8,overcast clouds
339,Sao Miguel Do Araguaia,BR,2021-01-11 00:32:12,-13.275,-50.1628,75.33,86,100,2.35,overcast clouds
340,La Argentina,CO,2021-01-11 00:32:13,2.1961,-75.98,59.52,86,19,4.09,few clouds
341,Bandarbeyla,SO,2021-01-11 00:32:24,9.4942,50.8122,71.24,72,97,20.78,overcast clouds
342,Madang,PG,2021-01-11 00:32:24,-5.2246,145.7966,87.42,63,100,1.36,overcast clouds
343,Guerrero Negro,MX,2021-01-11 00:27:34,27.9769,-114.0611,70.36,24,0,10.02,clear sky
344,Parit Buntar,MY,2021-01-11 00:32:25,5.1267,100.4932,77.0,78,20,3.44,few clouds
345,Leningradskiy,RU,2021-01-11 00:32:25,69.3833,178.4167,-21.89,83,93,9.4,overcast clouds
346,Luanda,AO,2021-01-11 00:28:42,-8.8368,13.2343,77.0,73,20,6.91,few clouds
347,Poum,NC,2021-01-11 00:32:25,-20.2333,164.0167,82.63,80,77,6.17,broken clouds
348,Imeni Poliny Osipenko,RU,2021-01-11 00:32:25,52.4201,136.4853,-15.72,87,100,2.44,overcast clouds
349,Dingle,PH,2021-01-11 00:32:26,10.9995,122.6711,74.88,88,100,15.23,light rain
350,Port Hueneme,US,2021-01-11 00:32:26,34.1478,-119.1951,66.2,51,1,13.8,clear sky
351,Laurel,US,2021-01-11 00:28:15,39.0993,-76.8483,39.0,74,1,3.71,clear sky
352,Rio Grande,BR,2021-01-11 00:32:26,-32.035,-52.0986,79.0,84,0,5.99,clear sky
353,Talnakh,RU,2021-01-11 00:32:27,69.4865,88.3972,-15.52,87,100,7.18,light snow
354,Uyemskiy,RU,2021-01-11 00:32:27,64.4743,40.8524,-9.4,84,20,4.47,few clouds
355,Qandala,SO,2021-01-11 00:32:27,11.472,49.8728,70.79,59,54,7.11,broken clouds
356,Tapiramuta,BR,2021-01-11 00:32:28,-11.8472,-40.7914,68.29,90,5,4.83,clear sky
357,Miraflores,MX,2021-01-11 00:32:28,19.2167,-98.8083,64.4,45,75,11.5,broken clouds
358,Tulun,RU,2021-01-11 00:32:28,54.5611,100.5792,9.63,92,100,6.49,overcast clouds
359,Dusti,TJ,2021-01-11 00:32:28,37.3481,68.664,21.2,100,90,5.08,fog
360,Manakara,MG,2021-01-11 00:32:29,-22.1333,48.0167,74.93,82,9,1.41,clear sky
361,Tomatlan,MX,2021-01-11 00:29:30,19.9333,-105.25,77.31,48,0,4.32,clear sky
362,Tromso,NO,2021-01-11 00:32:29,69.6496,18.957,26.6,59,75,17.27,broken clouds
363,Suriapet,IN,2021-01-11 00:32:29,17.15,79.6167,66.85,67,68,3.78,broken clouds
364,Las Vegas,US,2021-01-11 00:28:18,36.175,-115.1372,55.4,22,1,2.53,clear sky
365,Caska,MK,2021-01-11 00:32:30,41.6506,21.6622,37.4,93,90,5.17,light intensity drizzle
366,Bongor,TD,2021-01-11 00:32:30,10.2806,15.3722,68.92,23,90,7.4,overcast clouds
367,Starup,DK,2021-01-11 00:32:30,55.241,9.535,35.6,93,75,6.91,broken clouds
368,Tolaga Bay,NZ,2021-01-11 00:32:30,-38.3667,178.3,69.24,66,1,9.82,clear sky
369,Maragogi,BR,2021-01-11 00:31:56,-9.0122,-35.2225,78.24,79,100,9.44,overcast clouds
370,Moses Lake,US,2021-01-11 00:32:31,47.1301,-119.2781,42.8,70,90,1.74,overcast clouds
371,Arroyo,ES,2021-01-11 00:32:31,41.6096,-4.7969,33.01,74,0,17.27,clear sky
372,Xining,CN,2021-01-11 00:32:31,36.6167,101.7667,0.43,62,0,3.58,clear sky
373,Tacoronte,ES,2021-01-11 00:32:32,28.4769,-16.4102,57.99,93,75,21.85,broken clouds
374,Kavieng,PG,2021-01-11 00:32:32,-2.5744,150.7967,85.33,65,98,1.68,overcast clouds
375,Ilulissat,GL,2021-01-11 00:32:32,69.2167,-51.1,19.4,68,75,3.47,light snow
376,Lagoa,PT,2021-01-11 00:32:32,39.05,-27.9833,61.45,91,0,8.9,clear sky
377,Tezu,IN,2021-01-11 00:32:32,27.9167,96.1667,61.05,60,69,1.72,broken clouds
378,Hamilton,US,2021-01-11 00:32:33,39.1834,-84.5333,30.99,80,1,2.28,clear sky
379,Taoudenni,ML,2021-01-11 00:32:33,22.6783,-3.9836,58.62,33,29,11.54,scattered clouds
380,Alice Springs,AU,2021-01-11 00:32:33,-23.7,133.8833,87.8,35,0,4.61,clear sky
381,Prachuap Khiri Khan,TH,2021-01-11 00:32:33,12.2167,99.75,71.6,73,0,2.3,clear sky
382,Nouadhibou,MR,2021-01-11 00:32:33,20.931,-17.0347,62.6,72,24,19.57,sand
383,Jaca,ES,2021-01-11 00:32:34,42.569,-0.5499,24.01,94,0,5.64,clear sky
384,Forbes,AU,2021-01-11 00:32:34,-33.3833,148.0167,85.87,23,2,7.61,clear sky
385,Yuancheng,CN,2021-01-11 00:32:34,36.652,107.7896,14.63,71,0,17.92,clear sky
386,Calvinia,ZA,2021-01-11 00:32:34,-31.4707,19.776,66.88,57,0,7.63,clear sky
387,Kununurra,AU,2021-01-11 00:30:14,-15.7667,128.7333,89.6,74,2,4.61,clear sky
388,Strezhevoy,RU,2021-01-11 00:32:35,60.7333,77.5889,-23.8,76,0,2.24,clear sky
389,Ust-Nera,RU,2021-01-11 00:32:36,64.5667,143.2,-37.98,71,48,2.48,scattered clouds
390,Tura,IN,2021-01-11 00:32:36,25.5198,90.2201,61.03,64,3,2.62,clear sky
391,Caravelas,BR,2021-01-11 00:32:36,-17.7125,-39.2481,76.82,86,1,5.97,clear sky
392,Kandrian,PG,2021-01-11 00:32:36,-6.2167,149.55,89.2,57,97,5.66,overcast clouds
393,Normal,US,2021-01-11 00:29:29,40.5142,-88.9906,24.8,86,90,6.91,light snow
394,Deputatskiy,RU,2021-01-11 00:32:37,69.3,139.9,-33.7,83,60,4.45,broken clouds
395,San Policarpo,PH,2021-01-11 00:32:37,12.1791,125.5072,79.93,84,99,18.25,overcast clouds
396,Port Macquarie,AU,2021-01-11 00:30:56,-31.4333,152.9167,78.01,60,77,1.99,broken clouds
397,Laguna De Duero,ES,2021-01-11 00:32:37,41.5815,-4.7233,33.01,74,0,17.27,clear sky
398,Portland,US,2021-01-11 00:30:56,45.5234,-122.6762,46.99,81,90,13.8,overcast clouds
399,Quballat,TN,2021-01-11 00:32:38,36.5418,9.6633,55.4,82,40,4.0,light rain
400,Asfi,MA,2021-01-11 00:32:38,32.2994,-9.2372,53.96,67,85,9.48,light rain
401,Egvekinot,RU,2021-01-11 00:32:38,66.3167,-179.1667,-18.81,85,0,10.49,clear sky
402,Seguela,CI,2021-01-11 00:29:24,7.9611,-6.6731,80.42,61,92,8.1,overcast clouds
403,Cheyenne,US,2021-01-11 00:32:39,41.14,-104.8203,21.2,86,1,10.36,clear sky
404,Nago,JP,2021-01-11 00:32:39,26.5881,127.9761,57.2,94,90,5.75,overcast clouds
405,Napasar,IN,2021-01-11 00:32:39,27.9667,73.55,47.08,53,0,3.83,clear sky
406,Palana,RU,2021-01-11 00:32:39,59.1167,159.9667,1.45,92,100,3.02,overcast clouds
407,Carutapera,BR,2021-01-11 00:32:39,-1.195,-46.02,77.81,89,98,7.09,overcast clouds
408,Bud,US,2021-01-11 00:32:40,39.447,-86.1758,30.0,82,22,3.27,few clouds
409,Teguise,ES,2021-01-11 00:32:40,29.0605,-13.564,59.0,58,20,10.36,few clouds
410,Saravan,AM,2021-01-11 00:32:40,39.7196,45.6483,19.4,93,90,4.61,mist
411,Otane,NZ,2021-01-11 00:32:40,-39.8833,176.6333,76.39,41,0,9.78,clear sky
412,Mae Sai,TH,2021-01-11 00:28:02,20.4335,99.8762,68.0,73,0,1.14,clear sky
413,Mporokoso,ZM,2021-01-11 00:32:41,-9.3727,30.125,60.76,99,100,2.24,light rain
414,Ridgecrest,US,2021-01-11 00:31:09,35.6225,-117.6709,59.0,15,1,4.61,clear sky
415,Kedrovyy,RU,2021-01-11 00:32:42,56.1667,91.8167,6.8,72,40,6.71,light snow
416,Ewo,CG,2021-01-11 00:32:42,-0.8725,14.8206,74.86,78,3,4.05,clear sky
417,Axim,GH,2021-01-11 00:32:42,4.8699,-2.2405,79.02,87,3,10.18,clear sky
418,Harnosand,SE,2021-01-11 00:32:42,62.6323,17.9379,17.01,92,0,5.75,clear sky
419,Skibbereen,IE,2021-01-11 00:32:42,51.55,-9.2667,35.6,93,40,4.61,scattered clouds
420,Half Moon Bay,US,2021-01-11 00:32:43,37.4636,-122.4286,59.0,77,90,6.91,overcast clouds
421,Lebedinyy,RU,2021-01-11 00:32:43,58.5167,125.5167,-29.02,84,100,1.59,overcast clouds
422,Atambua,ID,2021-01-11 00:32:43,-9.1061,124.8925,82.96,74,0,2.46,clear sky
423,Dicabisagan,PH,2021-01-11 00:32:43,17.0818,122.4157,70.86,78,99,9.26,overcast clouds
424,Pangnirtung,CA,2021-01-11 00:32:44,66.1451,-65.7125,10.4,85,90,1.5,light snow
425,Ribeira Brava,PT,2021-01-11 00:32:44,32.65,-17.0667,53.01,82,3,7.0,clear sky
426,Saint-Francois,FR,2021-01-11 00:32:44,46.4154,3.9054,24.01,86,0,5.75,clear sky
427,Mindelo,CV,2021-01-11 00:31:12,16.8901,-24.9804,69.8,60,75,19.57,broken clouds
428,Ha Tinh,VN,2021-01-11 00:30:28,18.3333,105.9,52.84,77,100,9.31,overcast clouds
429,Port Victoria,KE,2021-01-11 00:32:45,0.0939,33.9756,70.07,78,100,7.47,light rain
430,Narsaq,GL,2021-01-11 00:32:45,60.9167,-46.05,41.0,33,75,25.32,broken clouds
431,Lauterbach,DE,2021-01-11 00:32:45,50.6333,9.4,26.01,95,0,3.65,clear sky
432,Adrar,MR,2021-01-11 00:32:45,20.5022,-10.0711,55.2,38,100,14.43,overcast clouds
433,Bobrovka,RU,2021-01-11 00:32:46,54.047,61.7455,1.63,94,100,9.1,overcast clouds
434,Wamba,NG,2021-01-11 00:32:46,8.9333,8.6,72.52,21,0,4.52,clear sky
435,Ibra,OM,2021-01-11 00:32:46,22.6906,58.5334,44.02,61,0,3.65,clear sky
436,Brae,GB,2021-01-11 00:32:46,60.3964,-1.353,35.6,93,90,1.14,light rain
437,Kawalu,ID,2021-01-11 00:32:47,-7.3817,108.2082,79.9,77,75,0.89,broken clouds
438,Ilkal,IN,2021-01-11 00:32:47,15.9667,76.1333,69.04,85,51,8.25,broken clouds
439,San Andres,CO,2021-01-11 00:32:47,12.5847,-81.7006,80.6,74,90,12.66,overcast clouds
440,Bolgatanga,GH,2021-01-11 00:32:47,10.7856,-0.8514,75.25,18,0,5.99,clear sky
441,Shetpe,KZ,2021-01-11 00:32:47,44.1667,52.1167,31.05,98,94,12.59,overcast clouds
442,Kautokeino,NO,2021-01-11 00:32:48,69.0125,23.0412,-4.58,90,97,7.56,overcast clouds
443,Torbat-E Jam,IR,2021-01-11 00:32:48,35.244,60.6225,32.72,70,0,1.99,clear sky
444,Rockhampton,AU,2021-01-11 00:30:55,-23.3833,150.5,80.6,61,90,13.8,overcast clouds
445,Karratha,AU,2021-01-11 00:32:48,-20.7377,116.8463,94.93,46,12,7.07,few clouds
446,Mareeba,AU,2021-01-11 00:32:48,-17.0,145.4333,86.0,66,40,5.75,scattered clouds
447,Oranjestad,AW,2021-01-11 00:32:49,12.524,-70.027,80.6,74,20,20.71,few clouds
448,Troy,US,2021-01-11 00:32:49,42.6056,-83.1499,30.99,80,1,1.66,clear sky
449,Epe,NG,2021-01-11 00:32:49,6.5841,3.9834,77.41,91,5,2.82,clear sky
450,Labuan,MY,2021-01-11 00:32:49,5.2767,115.2417,78.8,94,40,3.44,light rain
451,Morehead,US,2021-01-11 00:32:50,37.2711,-87.1764,30.99,59,90,4.61,overcast clouds
452,Turukhansk,RU,2021-01-11 00:32:50,65.8167,87.9833,-25.42,80,49,1.39,scattered clouds
453,Mnogovershinnyy,RU,2021-01-11 00:32:50,53.9353,139.9242,-16.74,87,93,4.43,overcast clouds
454,Bilibino,RU,2021-01-11 00:32:50,68.0546,166.4372,-28.44,82,3,0.78,clear sky
455,Aden,YE,2021-01-11 00:32:51,12.7794,45.0367,74.35,75,72,17.6,broken clouds
456,Quatre Cocos,MU,2021-01-11 00:32:51,-20.2078,57.7625,78.8,94,75,3.44,light rain
457,High Level,CA,2021-01-11 00:32:51,58.5169,-117.136,14.0,100,20,2.3,few clouds
458,Muravlenko,RU,2021-01-11 00:32:51,63.7898,74.523,-29.13,86,16,7.74,few clouds
459,Tuburan,PH,2021-01-11 00:32:51,6.6439,122.2736,78.8,94,75,8.05,light rain
460,Banda Aceh,ID,2021-01-11 00:32:52,5.5577,95.3222,78.51,83,100,9.69,overcast clouds
461,Mangrol,IN,2021-01-11 00:32:52,21.1167,70.1167,68.67,48,63,14.83,broken clouds
462,Sisimiut,GL,2021-01-11 00:32:52,66.9395,-53.6735,27.34,88,100,11.36,light snow
463,Keflavik,IS,2021-01-11 00:32:52,64.0049,-22.5624,19.4,68,0,4.61,clear sky
464,Knysna,ZA,2021-01-11 00:32:52,-34.0363,23.0471,62.6,88,90,14.97,overcast clouds
465,Smithers,CA,2021-01-11 00:32:53,54.7804,-127.1743,33.8,86,90,2.3,overcast clouds
466,Vicuna,CL,2021-01-11 00:32:53,-30.0319,-70.7081,60.8,82,0,9.22,clear sky
467,Aksum,ET,2021-01-11 00:32:53,14.1245,38.7244,46.04,87,0,1.59,clear sky
468,Juegang,CN,2021-01-11 00:32:53,32.3174,121.1855,33.01,54,100,7.0,overcast clouds
469,Nchelenge,ZM,2021-01-11 00:32:53,-9.3451,28.734,70.05,83,100,7.65,light rain
470,Orocue,CO,2021-01-11 00:32:54,4.7912,-71.3354,75.29,89,91,5.61,overcast clouds
471,Souillac,MU,2021-01-11 00:32:54,-20.5167,57.5167,78.8,94,75,3.44,light rain
472,Cayenne,GF,2021-01-11 00:32:54,4.9333,-52.3333,75.2,100,75,2.3,broken clouds
473,Santiago,CL,2021-01-11 00:32:54,-33.4569,-70.6483,75.2,31,0,10.36,clear sky
474,Azul,AR,2021-01-11 00:32:55,-36.777,-59.8585,76.68,41,100,18.23,overcast clouds
475,Baghdad,IQ,2021-01-11 00:30:33,33.3406,44.4009,42.8,56,0,6.91,clear sky
476,Ketchikan,US,2021-01-11 00:32:55,55.3422,-131.6461,42.8,100,90,26.46,mist
477,Korla,CN,2021-01-11 00:32:55,41.7597,86.1469,11.37,86,0,4.72,clear sky
478,Bangassou,CF,2021-01-11 00:32:55,4.7413,22.8184,64.78,34,0,2.13,clear sky
479,Tiarei,PF,2021-01-11 00:32:56,-17.5333,-149.3333,86.0,48,75,13.8,broken clouds
480,Ostrovnoy,RU,2021-01-11 00:32:56,68.0531,39.5131,6.15,93,21,12.01,few clouds
481,Vestmannaeyjar,IS,2021-01-11 00:32:56,63.4427,-20.2734,29.32,83,0,6.82,clear sky
482,Luancheng,CN,2021-01-11 00:32:56,37.8792,114.6517,21.2,38,0,4.47,clear sky
483,Auburn,US,2021-01-11 00:31:59,47.3073,-122.2284,50.0,87,90,3.44,overcast clouds
484,Hami,CN,2021-01-11 00:29:02,42.8,93.45,11.5,83,81,1.39,broken clouds
485,Manokwari,ID,2021-01-11 00:31:21,-0.8667,134.0833,82.92,70,100,1.68,overcast clouds
486,Shimoda,JP,2021-01-11 00:32:58,34.6667,138.95,44.6,61,75,8.05,broken clouds
487,Gorontalo,ID,2021-01-11 00:28:16,0.5412,123.0595,81.48,74,19,2.64,few clouds
488,Rocha,UY,2021-01-11 00:32:59,-34.4833,-54.3333,72.07,92,40,14.0,scattered clouds
489,Aiken,US,2021-01-11 00:32:59,33.5835,-81.5998,44.6,65,1,4.03,clear sky
490,Rey Bouba,CM,2021-01-11 00:32:59,8.6724,14.1786,69.94,23,93,2.04,overcast clouds
491,Muscle Shoals,US,2021-01-11 00:32:59,34.7448,-87.6675,34.0,77,79,3.96,broken clouds
492,Mutuipe,BR,2021-01-11 00:33:00,-13.2286,-39.5047,71.56,95,25,2.39,scattered clouds
493,Mankono,CI,2021-01-11 00:33:00,8.0586,-6.1897,79.43,63,46,7.16,scattered clouds
494,Lianran,CN,2021-01-11 00:33:00,24.9227,102.485,27.0,86,90,17.9,overcast clouds
495,Pringsewu,ID,2021-01-11 00:33:00,-5.3582,104.9744,78.08,85,85,1.39,overcast clouds
496,Tigil,RU,2021-01-11 00:33:01,57.8,158.6667,3.69,91,43,4.03,scattered clouds
497,Gorele,TR,2021-01-11 00:33:01,41.0308,39.0031,51.8,100,75,2.3,broken clouds
498,Kindu,CD,2021-01-11 00:33:01,-2.95,25.95,68.31,95,78,2.15,broken clouds
499,Chifeng,CN,2021-01-11 00:33:01,42.2683,118.9636,1.98,85,32,5.48,scattered clouds
500,Buhe,CN,2021-01-11 00:33:02,30.2876,112.2298,37.0,40,0,2.93,clear sky
501,Gizeh,EG,2021-01-11 00:33:02,30.0081,31.2109,60.8,100,40,3.44,mist
502,Thanatpin,MM,2021-01-11 00:33:02,17.2119,96.3033,75.2,94,20,2.3,few clouds
503,Singkang,MY,2021-01-11 00:33:02,2.1006,102.7994,75.2,88,40,2.3,scattered clouds
504,Sangin,AF,2021-01-11 00:33:03,32.0728,64.8359,34.21,65,0,1.59,clear sky
505,Pacific Grove,US,2021-01-11 00:31:05,36.6177,-121.9166,61.0,51,1,3.44,clear sky
506,Kattivakkam,IN,2021-01-11 00:33:03,13.2167,80.3167,78.8,94,75,2.3,mist
507,Juneau,US,2021-01-11 00:30:55,58.3019,-134.4197,42.8,81,90,16.11,moderate rain
508,Ternate,ID,2021-01-11 00:33:03,0.8,127.4,83.55,74,97,2.95,overcast clouds
509,Kamaishi,JP,2021-01-11 00:33:04,39.2667,141.8833,17.6,100,40,2.3,scattered clouds
510,Pemangkat,ID,2021-01-11 00:33:04,1.1667,108.9667,76.15,92,99,4.79,overcast clouds
511,Lumeje,AO,2021-01-11 00:33:04,-11.55,20.7833,64.54,91,100,6.4,overcast clouds
512,Shellbrook,CA,2021-01-11 00:33:04,53.2168,-106.4011,12.2,92,90,2.3,overcast clouds
513,Caucaia,BR,2021-01-11 00:33:05,-3.7361,-38.6531,81.0,78,0,6.91,clear sky
514,Niquero,CU,2021-01-11 00:33:05,20.0431,-77.5828,74.64,82,60,17.49,broken clouds
515,Davidson,US,2021-01-11 00:33:05,36.1501,-86.7833,34.0,69,75,8.05,broken clouds
516,Cajimos,PH,2021-01-11 00:33:05,12.5946,122.2753,77.94,79,99,27.63,overcast clouds
517,Birao,CF,2021-01-11 00:33:06,10.2849,22.7882,65.28,26,100,7.45,overcast clouds
518,Grand Gaube,MU,2021-01-11 00:33:06,-20.0064,57.6608,77.0,86,2,10.96,clear sky
519,Mandera,KE,2021-01-11 00:33:06,3.9366,41.867,75.29,41,13,8.14,few clouds
520,Sinnamary,GF,2021-01-11 00:33:06,5.3833,-52.95,78.03,85,84,13.87,broken clouds
521,Motygino,RU,2021-01-11 00:33:06,58.1831,94.7592,-9.08,90,100,3.96,overcast clouds
522,Tochio,JP,2021-01-11 00:33:07,37.4667,139.0,28.99,94,100,3.4,light snow
523,Sakaraha,MG,2021-01-11 00:33:07,-22.9,44.5333,73.42,83,0,5.88,clear sky
524,Leirvik,NO,2021-01-11 00:33:07,59.7798,5.5005,37.4,81,90,10.36,light intensity drizzle
525,Walvis Bay,NA,2021-01-11 00:33:08,-22.9575,14.5053,69.01,77,100,8.05,overcast clouds
526,Zyryanka,RU,2021-01-11 00:33:08,65.75,150.85,-33.57,84,96,1.03,overcast clouds
527,Bend,US,2021-01-11 00:33:09,44.0582,-121.3153,43.0,64,96,1.01,overcast clouds
528,Nalut,LY,2021-01-11 00:33:10,30.3333,10.85,62.38,29,0,5.93,clear sky
529,Zeya,RU,2021-01-11 00:33:10,53.75,127.2667,-15.18,80,1,1.54,clear sky
530,Buritis,BR,2021-01-11 00:33:10,-15.6178,-46.4233,73.6,83,100,2.21,moderate rain
531,Shubarkuduk,KZ,2021-01-11 00:33:10,49.1447,56.4872,26.69,98,100,6.49,overcast clouds
532,Askarovo,RU,2021-01-11 00:33:11,53.3372,58.5089,5.0,85,90,8.95,light snow
533,Garden City,US,2021-01-11 00:32:40,42.3256,-83.331,33.8,74,90,1.7,overcast clouds
534,Sarkand,KZ,2021-01-11 00:33:11,45.41,79.9186,29.43,73,0,5.03,clear sky
535,Along,IN,2021-01-11 00:33:12,28.1667,94.7667,58.08,69,93,0.58,overcast clouds
536,Agucadoura,PT,2021-01-11 00:33:12,41.4318,-8.7804,39.2,65,0,8.05,clear sky
537,Los Llanos De Aridane,ES,2021-01-11 00:33:12,28.6585,-17.9182,62.6,63,0,20.71,clear sky
538,Olenino,RU,2021-01-11 00:33:12,56.2092,33.4889,2.03,94,63,2.66,broken clouds
539,Manbij,SY,2021-01-11 00:33:12,36.5281,37.9549,37.4,70,0,1.14,clear sky
540,Port-Gentil,GA,2021-01-11 00:33:13,-0.7193,8.7815,78.8,94,20,4.61,moderate rain
541,Hambantota,LK,2021-01-11 00:33:13,6.1241,81.1185,73.4,100,90,3.44,light rain
542,Hualmay,PE,2021-01-11 00:33:13,-11.0964,-77.6139,70.66,83,100,9.71,overcast clouds
543,Jacareacanga,BR,2021-01-11 00:33:14,-6.2222,-57.7528,74.14,93,97,2.28,overcast clouds
544,Jutai,BR,2021-01-11 00:33:14,-5.1833,-68.9,73.51,93,92,0.85,overcast clouds
545,Kachug,RU,2021-01-11 00:33:14,53.9606,105.8817,4.84,92,100,1.32,light snow
546,Taiyuan,CN,2021-01-11 00:33:14,37.8694,112.5603,15.8,45,0,11.18,clear sky
547,Honningsvag,NO,2021-01-11 00:33:15,70.9821,25.9704,19.02,97,5,33.64,clear sky
548,Perth,AU,2021-01-11 00:33:15,-31.9333,115.8333,71.01,46,0,10.36,clear sky
549,Upata,VE,2021-01-11 00:33:15,8.0086,-62.3989,77.0,89,5,1.01,clear sky
550,Bilma,NE,2021-01-11 00:33:15,18.6853,12.9164,68.4,23,0,8.57,clear sky
551,Sao Jose Da Coroa Grande,BR,2021-01-11 00:33:15,-8.8978,-35.1478,78.49,78,100,9.75,overcast clouds
552,Kutum,SD,2021-01-11 00:33:16,14.2,24.6667,53.2,37,0,10.47,clear sky
553,Milkovo,RU,2021-01-11 00:33:16,54.7167,158.6167,7.86,89,97,2.66,overcast clouds
554,Compiegne,FR,2021-01-11 00:33:16,49.4179,2.8261,30.2,93,0,3.44,mist
555,Yulara,AU,2021-01-11 00:33:16,-25.2406,130.9889,91.4,21,77,11.5,broken clouds
556,Keti Bandar,PK,2021-01-11 00:33:17,24.1447,67.4497,56.82,35,0,13.15,clear sky
557,Chipinge,ZW,2021-01-11 00:33:17,-20.1883,32.6236,66.27,93,87,5.93,overcast clouds
558,Mayo,US,2021-01-11 00:33:17,38.8876,-76.5119,37.0,80,1,6.08,clear sky
559,Bemidji,US,2021-01-11 00:32:35,47.4736,-94.8803,28.4,80,40,12.66,scattered clouds
560,Havre-Saint-Pierre,CA,2021-01-11 00:33:18,50.2334,-63.5986,12.2,79,1,4.61,clear sky
561,Bressuire,FR,2021-01-11 00:30:15,46.9167,-0.5,30.99,91,0,6.55,clear sky
562,Carmelo,UY,2021-01-11 00:33:19,-33.9892,-58.2856,80.01,78,0,9.22,clear sky
563,Pervomayskoye,RU,2021-01-11 00:33:19,43.919,46.7102,36.12,88,100,3.56,overcast clouds
564,Rudnogorsk,RU,2021-01-11 00:33:19,57.2639,103.7519,-7.73,92,100,1.14,overcast clouds
565,Burns Lake,CA,2021-01-11 00:30:09,54.2331,-125.7533,30.2,93,100,4.79,overcast clouds
566,Poya,NC,2021-01-11 00:33:20,-21.35,165.15,85.75,73,100,5.03,overcast clouds
567,Rawson,AR,2021-01-11 00:32:03,-43.3002,-65.1023,66.47,26,100,17.96,overcast clouds
568,Gabu,GW,2021-01-11 00:33:21,12.2833,-14.2167,74.41,29,0,6.15,clear sky
569,Lang Suan,TH,2021-01-11 00:33:21,9.9456,99.0785,73.4,88,20,5.35,few clouds
570,Kiunga,PG,2021-01-11 00:33:22,-6.1219,141.2906,88.48,63,100,2.48,overcast clouds
571,Shalya,RU,2021-01-11 00:33:22,57.2471,58.7298,-6.93,88,100,15.05,overcast clouds
572,Nagaur,IN,2021-01-11 00:33:22,27.2,73.7333,49.1,47,0,3.83,clear sky
573,Ranau,MY,2021-01-11 00:33:22,5.9538,116.6641,78.8,94,20,3.44,light rain
574,Lithgow,AU,2021-01-11 00:33:22,-33.4833,150.15,79.0,60,0,4.32,clear sky
575,Kloulklubed,PW,2021-01-11 00:33:23,7.0419,134.2556,80.6,89,75,4.61,broken clouds
576,Hofn,IS,2021-01-11 00:33:23,64.2539,-15.2082,23.76,85,0,16.53,clear sky
577,Manaure,CO,2021-01-11 00:33:23,11.7751,-72.4445,80.26,73,45,18.77,scattered clouds
578,Okato,NZ,2021-01-11 00:33:23,-39.2,173.8833,71.01,77,1,4.0,clear sky
579,Sangar,RU,2021-01-11 00:33:24,63.9242,127.4739,-34.96,82,100,4.88,overcast clouds
580,North Myrtle Beach,US,2021-01-11 00:33:02,33.816,-78.68,42.8,87,1,2.06,clear sky
581,Rayadrug,IN,2021-01-11 00:33:24,14.7,76.8667,68.23,87,0,5.97,clear sky
582,Tyukod,HU,2021-01-11 00:33:24,47.8538,22.5633,34.0,93,90,6.17,light snow
583,Makokou,GA,2021-01-11 00:33:24,0.5738,12.8642,70.21,91,0,3.56,clear sky
584,Kungalv,SE,2021-01-11 00:33:25,57.871,11.9805,34.0,98,100,11.86,overcast clouds
585,Le Port,RE,2021-01-11 00:33:25,-20.9373,55.2919,77.0,83,0,5.75,clear sky
586,Storsteinnes,NO,2021-01-11 00:33:25,69.2408,19.2344,26.6,62,75,2.3,broken clouds
587,Tautira,PF,2021-01-11 00:33:26,-17.7333,-149.15,86.0,48,75,13.8,broken clouds
588,Puerto Ayacucho,VE,2021-01-11 00:33:26,5.6639,-67.6236,78.01,81,100,2.17,overcast clouds
589,Asau,RO,2021-01-11 00:33:26,46.4333,26.4,32.0,100,90,5.75,light snow
590,Kirakira,SB,2021-01-11 00:28:31,-10.4544,161.9205,86.95,67,99,7.38,light rain
591,Santa Rosalia,MX,2021-01-11 00:33:28,27.3167,-112.2833,56.35,49,0,8.5,clear sky
592,Takoradi,GH,2021-01-11 00:33:28,4.8845,-1.7554,78.71,87,0,9.42,clear sky
593,Mayumba,GA,2021-01-11 00:33:28,-3.432,10.6554,78.04,86,100,6.58,light rain
594,Wooster,US,2021-01-11 00:33:28,40.8051,-81.9351,35.01,80,1,3.44,clear sky
595,Antalaha,MG,2021-01-11 00:33:29,-14.9003,50.2788,73.67,89,19,4.38,few clouds
596,Kissidougou,GN,2021-01-11 00:33:29,9.1848,-10.0999,74.89,74,100,6.24,overcast clouds
597,Redcliffe,AU,2021-01-11 00:33:29,-27.2307,153.0973,82.0,57,40,12.66,scattered clouds
598,Mezen,RU,2021-01-11 00:33:31,65.8522,44.24,-5.03,89,0,7.09,clear sky
599,Mantua,IT,2021-01-11 00:33:31,45.1667,10.7833,30.99,80,20,3.44,few clouds
600,Manicore,BR,2021-01-11 00:33:31,-5.8092,-61.3003,73.4,100,0,1.14,clear sky
601,Changji,CN,2021-01-11 00:33:31,44.0167,87.3167,-7.6,84,3,2.24,mist
602,Auki,SB,2021-01-11 00:33:33,-8.7676,160.7034,88.56,60,99,1.05,light rain
603,Kushmurun,KZ,2021-01-11 00:33:33,52.4503,64.6311,24.06,98,100,10.11,overcast clouds
604,Rudbar,AF,2021-01-11 00:33:33,30.15,62.6,36.61,57,0,3.29,clear sky
605,Lensk,RU,2021-01-11 00:33:33,60.7253,114.9278,-18.92,85,98,3.6,overcast clouds
606,Lafiagi,NG,2021-01-11 00:33:34,8.8667,5.4167,75.36,24,0,0.89,clear sky
607,Colac,AU,2021-01-11 00:33:34,-38.3333,143.5833,90.0,39,100,8.01,overcast clouds
608,Atar,MR,2021-01-11 00:33:34,20.5169,-13.0499,55.99,39,100,12.19,overcast clouds
609,Agadez,NE,2021-01-11 00:33:34,19.75,10.25,66.56,24,0,7.63,clear sky
610,Black River,JM,2021-01-11 00:33:35,18.0264,-77.8487,78.8,83,75,11.5,broken clouds
611,Aksay,RU,2021-01-11 00:33:35,47.26,39.87,26.01,100,100,4.47,mist
612,Wenling,CN,2021-01-11 00:33:35,28.3669,121.36,39.99,65,88,1.99,overcast clouds
613,Inirida,CO,2021-01-11 00:33:35,3.8653,-67.9239,73.96,96,96,1.99,moderate rain
614,Lake Jackson,US,2021-01-11 00:33:35,29.0339,-95.4344,42.01,87,90,20.71,overcast clouds
615,Gillette,US,2021-01-11 00:33:38,44.2911,-105.5022,28.4,69,1,4.61,clear sky
616,Sosnovo-Ozerskoye,RU,2021-01-11 00:33:38,52.5249,111.5418,-6.72,91,100,10.33,overcast clouds
617,Yaan,NG,2021-01-11 00:33:38,7.3833,8.5667,75.15,24,6,3.71,clear sky
618,Helong,CN,2021-01-11 00:33:38,42.5397,128.9972,8.56,78,62,3.62,broken clouds
619,Dalvik,IS,2021-01-11 00:33:39,65.9702,-18.5286,17.6,73,90,4.61,overcast clouds
620,Colares,PT,2021-01-11 00:33:39,38.7992,-9.4469,45.0,62,0,14.41,clear sky
621,Cherlak,RU,2021-01-11 00:33:40,54.155,74.8055,10.35,96,100,4.54,snow
622,Voh,NC,2021-01-11 00:33:40,-20.9667,164.7,89.02,65,100,5.17,overcast clouds
623,Nicoya,CR,2021-01-11 00:33:41,10.1483,-85.452,78.8,69,75,9.22,broken clouds
624,Lufilufi,WS,2021-01-11 00:33:41,-13.8745,-171.5986,87.8,74,75,16.11,light rain
625,Lewisporte,CA,2021-01-11 00:33:41,49.2499,-55.0482,28.4,93,90,21.85,snow
626,Nioro,GM,2021-01-11 00:33:43,13.35,-15.75,72.46,28,0,11.18,clear sky
627,Vawkavysk,BY,2021-01-11 00:33:43,53.1561,24.4513,22.19,98,86,6.22,overcast clouds
628,Tibagi,BR,2021-01-11 00:33:43,-24.5094,-50.4136,69.28,92,82,5.12,broken clouds
629,Hirara,JP,2021-01-11 00:33:43,24.8,125.2833,62.6,63,75,10.36,broken clouds
630,Masunga,BW,2021-01-11 00:33:44,-20.6246,27.4488,67.55,83,100,9.19,overcast clouds
631,Pithoragarh,IN,2021-01-11 00:33:44,29.5833,80.2167,35.47,60,0,3.38,clear sky
632,Aripuana,BR,2021-01-11 00:33:44,-9.1667,-60.6333,76.26,85,93,0.98,overcast clouds
633,Sainte-Anne-Des-Monts,CA,2021-01-11 00:33:44,49.124,-66.4924,19.4,73,91,11.5,overcast clouds
634,Hatfield,GB,2021-01-11 00:33:44,51.7634,-0.2242,37.99,93,90,5.75,overcast clouds
635,San Ramon,US,2021-01-11 00:33:41,37.7799,-121.978,57.0,62,90,8.05,overcast clouds
636,Konde,TZ,2021-01-11 00:33:45,-4.95,39.75,79.09,83,100,13.82,overcast clouds
637,Linxia,CN,2021-01-11 00:33:45,35.6003,103.2064,8.8,81,0,1.79,clear sky
638,Katsuura,JP,2021-01-11 00:33:46,35.1333,140.3,39.0,41,100,7.0,overcast clouds
639,Mantena,BR,2021-01-11 00:33:46,-18.7817,-40.9803,71.6,90,16,6.67,few clouds
640,Santa Cruz,BO,2021-01-11 00:31:21,-17.8,-63.1667,86.0,66,40,9.22,scattered clouds
641,Ilheus,BR,2021-01-11 00:33:46,-14.7889,-39.0494,80.6,89,40,5.75,scattered clouds
642,Nopalucan,MX,2021-01-11 00:33:47,19.2167,-97.8167,60.8,48,40,18.41,scattered clouds
643,Naze,JP,2021-01-11 00:33:47,28.3667,129.4833,53.6,82,75,10.36,broken clouds
644,Nouakchott,MR,2021-01-11 00:33:47,18.0858,-15.9785,64.4,25,100,16.11,sand
645,Ponte San Nicolo,IT,2021-01-11 00:33:48,45.3705,11.9211,33.01,60,0,2.86,clear sky
646,Cartagena,CO,2021-01-11 00:33:48,10.3997,-75.5144,80.6,83,75,4.61,broken clouds
647,Tutoia,BR,2021-01-11 00:33:48,-2.7619,-42.2744,80.65,77,44,12.59,scattered clouds
648,Saryg-Sep,RU,2021-01-11 00:33:48,51.5,95.6,-3.78,90,100,0.07,light snow
649,Zambezi,ZM,2021-01-11 00:33:48,-13.5432,23.1047,66.76,97,100,6.4,moderate rain
650,Nelson,NZ,2021-01-11 00:30:09,-41.2833,173.2833,66.99,65,21,5.99,few clouds
651,Wewak,PG,2021-01-11 00:33:49,-3.5534,143.6268,86.76,64,100,3.58,overcast clouds
652,Tlanalapa,MX,2021-01-11 00:33:49,19.8167,-98.6,64.4,45,75,11.5,broken clouds
653,Russkiy Kameshkir,RU,2021-01-11 00:33:50,52.8589,46.0892,11.89,96,89,5.99,overcast clouds
654,Neerijnen,NL,2021-01-11 00:33:51,51.8317,5.2819,39.0,93,100,9.6,overcast clouds
655,Altus,US,2021-01-11 00:33:51,34.6381,-99.334,37.4,51,40,3.44,light rain
656,Kapoeta,SS,2021-01-11 00:33:51,4.7717,33.5903,78.44,32,0,4.18,clear sky
657,Wuxue,CN,2021-01-11 00:33:52,29.8506,115.5525,37.58,64,0,9.48,clear sky
658,Juarez,MX,2021-01-11 00:33:08,31.7333,-106.4833,42.8,45,75,10.36,broken clouds
659,Thunder Bay,CA,2021-01-11 00:33:52,48.4001,-89.3168,21.2,93,75,3.44,broken clouds
660,North Bend,US,2021-01-11 00:33:52,43.4065,-124.2243,53.01,93,90,5.75,mist
661,Traverse City,US,2021-01-11 00:29:34,44.7631,-85.6206,32.0,74,90,8.05,overcast clouds
662,Malakal,SS,2021-01-11 00:33:54,9.5334,31.6605,71.47,28,0,6.42,clear sky
663,Ortakoy,TR,2021-01-11 00:33:54,38.7373,34.0387,48.2,71,75,9.22,broken clouds
664,Rantepao,ID,2021-01-11 00:33:54,-2.9701,119.8978,78.49,72,55,1.3,light rain
665,Mao,ES,2021-01-11 00:33:55,39.8885,4.2658,48.2,87,90,21.85,overcast clouds
666,Parkes,AU,2021-01-11 00:33:55,-33.1333,148.1833,84.0,32,7,7.0,clear sky
667,Valleyview,CA,2021-01-11 00:33:55,55.0667,-117.2859,24.8,74,16,11.5,few clouds
668,Cherkasskoye,RU,2021-01-11 00:33:56,52.4333,47.2167,11.43,95,71,4.18,broken clouds
669,Vanavara,RU,2021-01-11 00:33:56,60.34,102.2797,-15.03,89,99,4.16,overcast clouds
670,Bembereke,BJ,2021-01-11 00:33:56,10.2283,2.6634,72.86,20,0,5.7,clear sky
671,Uppsala,SE,2021-01-11 00:31:46,60.0,17.75,26.6,93,90,3.44,overcast clouds
672,Tailai,CN,2021-01-11 00:33:56,46.3833,123.4,2.73,83,0,3.4,clear sky
673,Turbat,PK,2021-01-11 00:33:57,26.0023,63.044,52.61,30,0,15.57,clear sky
674,Najran,SA,2021-01-11 00:33:57,17.4924,44.1277,46.4,46,0,2.3,clear sky
675,Douglas,US,2021-01-11 00:33:53,41.3,-96.167,37.4,70,90,6.91,overcast clouds
676,Soyo,AO,2021-01-11 00:33:58,-6.1349,12.3689,77.32,80,92,8.19,overcast clouds
677,Bangkalan,ID,2021-01-11 00:33:58,-7.0455,112.7351,77.0,94,40,3.44,haze
678,Zaysan,KZ,2021-01-11 00:33:58,47.4667,84.8667,9.88,90,100,1.45,overcast clouds
679,Magrath,CA,2021-01-11 00:33:58,49.4167,-112.8686,41.0,45,100,16.11,overcast clouds
680,Kiama,AU,2021-01-11 00:33:59,-34.6833,150.8667,82.0,71,9,11.99,clear sky
681,Trairi,BR,2021-01-11 00:33:59,-3.2778,-39.2689,78.62,77,69,9.75,broken clouds
682,Santa Catarina De Tepehuanes,MX,2021-01-11 00:34:00,25.35,-105.7333,48.4,50,0,0.63,clear sky
683,Bourail,NC,2021-01-11 00:34:00,-21.5667,165.4833,85.42,71,100,4.34,overcast clouds
684,Kosh-Agach,RU,2021-01-11 00:34:00,50.0,88.6667,-1.46,88,100,2.01,overcast clouds
685,Baruun-Urt,MN,2021-01-11 00:32:35,46.6806,113.2792,-11.15,84,0,9.04,clear sky
686,Iquique,CL,2021-01-11 00:29:23,-20.2208,-70.1431,69.8,64,40,17.27,scattered clouds
687,Navrongo,GH,2021-01-11 00:34:03,10.8956,-1.0921,75.25,18,0,7.0,clear sky
688,Leiyang,CN,2021-01-11 00:34:05,26.4024,112.8591,39.02,67,87,9.22,overcast clouds
689,Bodmin,GB,2021-01-11 00:34:05,50.4715,-4.7243,42.8,100,75,10.36,broken clouds
690,Puerto Rico,AR,2021-01-11 00:34:05,-26.796,-55.024,79.45,69,4,2.28,light rain
691,Lincoln,US,2021-01-11 00:29:48,40.8,-96.667,35.6,69,90,3.44,overcast clouds
692,Wawa,NG,2021-01-11 00:34:07,9.9022,4.4192,75.81,21,3,5.32,clear sky
693,Martil,MA,2021-01-11 00:34:07,35.6166,-5.2752,41.0,93,40,6.91,scattered clouds
694,New Castle,US,2021-01-11 00:34:07,41.0037,-80.347,30.0,86,1,2.28,clear sky
695,Morant Bay,JM,2021-01-11 00:34:07,17.8815,-76.4093,82.4,69,20,11.5,few clouds
696,Gilgit,PK,2021-01-11 00:34:08,35.9221,74.3087,22.03,52,0,4.07,clear sky
697,Meulaboh,ID,2021-01-11 00:34:09,4.1363,96.1285,76.48,90,99,7.0,overcast clouds
698,Aykhal,RU,2021-01-11 00:34:09,66.0,111.5,-37.3,79,45,3.78,scattered clouds
699,Havelock,US,2021-01-11 00:34:09,34.8791,-76.9013,39.2,70,1,3.44,clear sky
700,Ahvaz,IR,2021-01-11 00:33:19,31.3203,48.6693,46.4,76,0,2.3,clear sky
701,Batagay,RU,2021-01-11 00:34:10,67.6333,134.6333,-33.16,82,66,3.4,broken clouds
702,Mukhen,RU,2021-01-11 00:34:10,48.1,136.1,-2.69,87,100,10.07,overcast clouds
703,Naica,MX,2021-01-11 00:34:10,27.85,-105.4833,46.2,53,0,14.83,clear sky
704,Ostrowiec Swietokrzyski,PL,2021-01-11 00:34:10,50.9294,21.3853,32.0,81,96,1.9,overcast clouds
705,Filadelfia,US,2021-01-11 00:31:57,39.9523,-75.1638,41.0,42,1,4.7,clear sky
